-- phpMyAdmin SQL Dump
-- version 5.1.1
-- https://www.phpmyadmin.net/
--
-- Host: 127.0.0.1
-- Generation Time: Jun 09, 2023 at 08:44 AM
-- Server version: 10.4.21-MariaDB
-- PHP Version: 7.3.31

SET SQL_MODE = "NO_AUTO_VALUE_ON_ZERO";
START TRANSACTION;
SET time_zone = "+00:00";


/*!40101 SET @OLD_CHARACTER_SET_CLIENT=@@CHARACTER_SET_CLIENT */;
/*!40101 SET @OLD_CHARACTER_SET_RESULTS=@@CHARACTER_SET_RESULTS */;
/*!40101 SET @OLD_COLLATION_CONNECTION=@@COLLATION_CONNECTION */;
/*!40101 SET NAMES utf8mb4 */;

--
-- Database: `students`
--

-- --------------------------------------------------------

--
-- Table structure for table `class`
--

CREATE TABLE `class` (
  `ClassID` int(10) NOT NULL,
  `TeacherID` int(10) NOT NULL,
  `ClassName` varchar(255) NOT NULL,
  `YearOffered` int(4) NOT NULL,
  `TermOffered` int(1) NOT NULL
) ENGINE=InnoDB DEFAULT CHARSET=utf8mb4;

--
-- Dumping data for table `class`
--

INSERT INTO `class` (`ClassID`, `TeacherID`, `ClassName`, `YearOffered`, `TermOffered`) VALUES
(10, 10000, 'Big Data', 2005, 2),
(15, 10001, 'Nam', 2000, 2),
(20, 10002, 'vestibulum', 2003, 2),
(25, 10003, 'Maecenas', 2008, 1),
(30, 10004, 'aliquet.', 2009, 1),
(35, 10005, 'nunc', 2006, 2),
(40, 10006, 'et,', 2012, 2),
(45, 10007, 'facilisis', 2001, 2),
(50, 10008, 'orci.', 2009, 1),
(55, 10009, 'lacus,', 2006, 1),
(60, 10010, 'Big Data', 2014, 2),
(65, 10011, 'egestas.', 2013, 2),
(70, 10012, 'dolor.', 2008, 2),
(75, 10013, 'Etiam', 2003, 1),
(80, 10014, 'sed', 2008, 2),
(85, 10015, 'vel', 2000, 2),
(90, 10016, 'orci', 2001, 1),
(95, 10017, 'Integer', 2008, 1),
(100, 10018, 'imperdiet', 2003, 2),
(101, 10352, 'systems administration', 2006, 1),
(105, 10019, 'ac', 2008, 1),
(110, 10020, 'Data Analysis', 2006, 1),
(115, 10021, 'risus.', 2007, 1),
(120, 10022, 'Cras', 2014, 2),
(125, 10023, 'Nulla', 2007, 2),
(130, 10024, 'Curabitur', 2013, 2),
(135, 10025, 'ultrices.', 2010, 2),
(140, 10026, 'tristique', 2015, 1),
(145, 10027, 'hendrerit.', 2002, 1),
(150, 10028, 'penatibus', 2005, 1),
(155, 10029, 'Cum', 2008, 2),
(160, 10030, 'Pellentesque', 2013, 1),
(165, 10031, 'Vestibulum', 2015, 2),
(170, 10032, 'Aenean', 2011, 2),
(175, 10033, 'Integer', 2015, 1),
(180, 10034, 'Curabitur', 2013, 1),
(185, 10035, 'Nam', 2015, 1),
(190, 10036, 'faucibus', 2003, 1),
(195, 10037, 'nec', 2006, 1),
(200, 10038, 'Nunc', 2012, 2),
(205, 10039, 'dapibus', 2007, 1),
(210, 10040, 'Data Mining', 2015, 1),
(215, 10041, 'Ut', 2015, 2),
(220, 10042, 'Nullam', 2009, 2),
(225, 10043, 'scelerisque', 2005, 2),
(230, 10044, 'lobortis.', 2006, 1),
(235, 10045, 'lobortis', 2000, 2),
(240, 10046, 'dapibus', 2008, 2),
(245, 10047, 'tortor,', 2011, 2),
(250, 10048, 'dictum', 2008, 2),
(255, 10049, 'rutrum', 2000, 2),
(260, 10050, 'nulla.', 2012, 1),
(265, 10051, 'blandit', 2010, 2),
(270, 10052, 'ornare.', 2015, 2),
(275, 10053, 'eros', 2008, 1),
(280, 10054, 'Curae;', 2013, 2),
(285, 10055, 'libero', 2008, 1),
(290, 10056, 'Ut', 2001, 1),
(295, 10057, 'aliquet,', 2009, 2),
(300, 10058, 'Mauris', 2015, 2),
(305, 10059, 'faucibus', 2009, 2),
(310, 10060, 'Information Systems', 2002, 2),
(315, 10061, 'Fusce', 2013, 1),
(320, 10062, 'diam', 2013, 2),
(325, 10063, 'ullamcorper.', 2003, 1),
(330, 10064, 'eleifend,', 2001, 2),
(335, 10065, 'convallis', 2000, 2),
(340, 10066, 'Donec', 2005, 1),
(345, 10067, 'cursus.', 2013, 1),
(350, 10068, 'tincidunt', 2012, 2),
(355, 10069, 'ante', 2005, 1),
(360, 10070, 'dolor', 2010, 2),
(365, 10071, 'auctor', 2004, 1),
(370, 10072, 'dictum', 2007, 2),
(375, 10073, 'Maecenas', 2015, 1),
(380, 10074, 'dui', 2011, 1),
(385, 10075, 'vitae', 2013, 2),
(390, 10076, 'vel', 2001, 2),
(395, 10077, 'auctor,', 2015, 1),
(400, 10078, 'orci.', 2004, 2),
(405, 10079, 'quis,', 2003, 1),
(410, 10080, 'pellentesque', 2011, 2),
(415, 10081, 'sed', 2006, 2),
(420, 10082, 'hendrerit.', 2008, 1),
(425, 10083, 'vulputate', 2006, 1),
(430, 10084, 'neque', 2012, 1),
(435, 10085, 'odio', 2008, 1),
(440, 10086, 'vel', 2001, 1),
(445, 10087, 'a', 2003, 1),
(450, 10088, 'ultrices', 2011, 2),
(455, 10089, 'elit', 2003, 1),
(460, 10090, 'elit.', 2001, 2),
(465, 10091, 'sem', 2005, 2),
(470, 10092, 'metus.', 2010, 2),
(475, 10093, 'ornare.', 2007, 2),
(480, 10094, 'auctor', 2008, 2),
(485, 10095, 'Duis', 2001, 1),
(490, 10096, 'malesuada', 2003, 2),
(495, 10097, 'velit.', 2006, 1),
(500, 10098, 'molestie', 2013, 1),
(505, 10099, 'tincidunt.', 2007, 1),
(510, 10100, 'vulputate', 2011, 2),
(515, 10101, 'vitae', 2000, 1),
(520, 10102, 'urna', 2012, 2),
(525, 10103, 'elementum', 2005, 2),
(530, 10104, 'quam,', 2001, 1),
(535, 10105, 'Nunc', 2011, 1),
(540, 10106, 'pellentesque', 2004, 1),
(545, 10107, 'Pellentesque', 2013, 1),
(550, 10108, 'odio,', 2009, 1),
(555, 10109, 'Nam', 2012, 1),
(560, 10110, 'sit', 2005, 1),
(565, 10111, 'risus.', 2004, 1),
(570, 10112, 'cubilia', 2005, 2),
(575, 10113, 'aliquam', 2007, 1),
(580, 10114, 'Aenean', 2006, 2),
(585, 10115, 'luctus', 2008, 2),
(590, 10116, 'ut', 2007, 1),
(595, 10117, 'est,', 2006, 2),
(600, 10118, 'fringilla', 2006, 2),
(605, 10119, 'adipiscing', 2000, 2),
(610, 10120, 'aliquet', 2010, 2),
(615, 10121, 'risus.', 2009, 2),
(620, 10122, 'massa', 2001, 1),
(625, 10123, 'placerat,', 2005, 1),
(630, 10124, 'primis', 2011, 1),
(635, 10125, 'Sed', 2002, 2),
(640, 10126, 'aptent', 2005, 2),
(645, 10127, 'Duis', 2010, 2),
(650, 10128, 'sed', 2009, 2),
(655, 10129, 'lacus', 2002, 2),
(660, 10130, 'Information Management', 2013, 1),
(665, 10131, 'nonummy', 2000, 1),
(670, 10132, 'posuere', 2013, 2),
(675, 10133, 'Integer', 2009, 1),
(680, 10134, 'velit', 2009, 2),
(685, 10135, 'nulla', 2001, 1),
(690, 10136, 'semper', 2008, 2),
(695, 10137, 'sodales', 2014, 1),
(700, 10138, 'sagittis', 2009, 2),
(705, 10139, 'iaculis,', 2002, 2),
(710, 10140, 'Information Systems', 2007, 1),
(715, 10141, 'magna.', 2012, 2),
(720, 10142, 'diam', 2010, 1),
(725, 10143, 'cursus', 2004, 2),
(730, 10144, 'lectus,', 2000, 2),
(735, 10145, 'at', 2011, 1),
(740, 10146, 'at,', 2014, 1),
(745, 10147, 'ac', 2012, 1),
(750, 10148, 'Curabitur', 2001, 2),
(755, 10149, 'dolor.', 2014, 1),
(760, 10150, 'malesuada', 2006, 2),
(765, 10151, 'erat.', 2002, 2),
(770, 10152, 'Fusce', 2007, 2),
(775, 10153, 'laoreet', 2006, 1),
(780, 10154, 'cursus', 2007, 2),
(785, 10155, 'In', 2015, 1),
(790, 10156, 'dapibus', 2008, 1),
(795, 10157, 'urna.', 2000, 2),
(800, 10158, 'aliquet', 2014, 2),
(805, 10159, 'sodales', 2012, 1),
(810, 10160, 'pulvinar', 2001, 2),
(815, 10161, 'sit', 2005, 2),
(820, 10162, 'neque', 2015, 2),
(825, 10163, 'nonummy', 2004, 1),
(830, 10164, 'ac', 2003, 2),
(835, 10165, 'Duis', 2000, 1),
(840, 10166, 'amet', 2006, 1),
(845, 10167, 'erat', 2013, 1),
(850, 10168, 'diam', 2009, 2),
(855, 10169, 'eget', 2003, 2),
(860, 10170, 'ut,', 2014, 1),
(865, 10171, 'euismod', 2013, 2),
(870, 10172, 'massa', 2014, 1),
(875, 10173, 'vulputate', 2004, 1),
(880, 10174, 'morbi', 2005, 1),
(885, 10175, 'Data Analysis', 2000, 1),
(890, 10176, 'semper.', 2002, 1),
(895, 10177, 'sem', 2000, 2),
(900, 10178, 'mollis.', 2014, 1),
(905, 10179, 'ipsum.', 2009, 2),
(910, 10180, 'Data Analysis', 2011, 2),
(915, 10181, 'ipsum.', 2001, 2),
(920, 10182, 'porttitor', 2003, 2),
(925, 10183, 'pellentesque,', 2014, 2),
(930, 10184, 'Praesent', 2008, 2),
(935, 10185, 'facilisis', 2007, 1),
(940, 10186, 'eget', 2013, 2),
(945, 10187, 'orci.', 2008, 2),
(950, 10188, 'turpis.', 2005, 2),
(955, 10189, 'nec,', 2015, 2),
(960, 10190, 'vitae,', 2005, 1),
(965, 10191, 'analytics', 2000, 1),
(970, 10192, 'nec', 2012, 2),
(975, 10193, 'pede.', 2011, 1),
(980, 10194, 'nec', 2007, 2),
(985, 10195, 'dui', 2008, 1),
(990, 10196, 'nec', 2011, 2),
(995, 10197, 'elit,', 2010, 2),
(1000, 10198, 'Sed', 2011, 2),
(1005, 10199, 'egestas', 2014, 1),
(1010, 10200, 'massa.', 2014, 1),
(1015, 10201, 'Nullam', 2014, 2),
(1020, 10202, 'nec', 2009, 2),
(1025, 10203, 'mi', 2000, 2),
(1030, 10204, 'mauris', 2001, 2),
(1035, 10205, 'sociis', 2001, 1),
(1040, 10206, 'arcu', 2002, 1),
(1045, 10207, 'eleifend', 2004, 1),
(1050, 10208, 'ante', 2014, 2),
(1055, 10209, 'Nunc', 2004, 2),
(1060, 10210, 'vel', 2007, 2),
(1065, 10211, 'felis', 2000, 1),
(1070, 10212, 'lectus', 2012, 2),
(1075, 10213, 'in', 2000, 1),
(1080, 10214, 'volutpat', 2011, 1),
(1085, 10215, 'Donec', 2011, 2),
(1090, 10216, 'nibh', 2002, 2),
(1095, 10217, 'Maecenas', 2014, 2),
(1100, 10218, 'at', 2007, 2),
(1105, 10219, 'magnis', 2006, 1),
(1110, 10220, 'dui', 2001, 2),
(1115, 10221, 'netus', 2000, 2),
(1120, 10222, 'Cras', 2012, 1),
(1125, 10223, 'in', 2002, 1),
(1130, 10224, 'elit,', 2002, 1),
(1135, 10225, 'cursus', 2013, 2),
(1140, 10226, 'Nam', 2012, 2),
(1145, 10227, 'dictum', 2001, 2),
(1150, 10228, 'adipiscing', 2012, 2),
(1155, 10229, 'vehicula', 2011, 2),
(1160, 10230, 'varius', 2002, 2),
(1165, 10231, 'sed', 2009, 1),
(1170, 10232, 'ligula.', 2005, 1),
(1175, 10233, 'varius.', 2013, 1),
(1180, 10234, 'at', 2005, 1),
(1185, 10235, 'vulputate', 2015, 1),
(1190, 10236, 'in', 2006, 2),
(1195, 10237, 'ante', 2007, 1),
(1200, 10238, 'vel', 2007, 2),
(1205, 10239, 'eget', 2001, 2),
(1210, 10240, 'Aliquam', 2010, 1),
(1215, 10241, 'Cum', 2007, 2),
(1220, 10242, 'Aenean', 2008, 2),
(1225, 10243, 'Data Mining', 2009, 1),
(1230, 10244, 'odio', 2004, 2),
(1235, 10245, 'quam', 2013, 2),
(1240, 10246, 'lorem,', 2001, 1),
(1245, 10247, 'ante', 2002, 1),
(1250, 10248, 'Vivamus', 2010, 2),
(1255, 10249, 'rutrum', 2005, 1),
(1260, 10250, 'lectus', 2002, 2),
(1265, 10251, 'hendrerit.', 2005, 2),
(1270, 10252, 'ornare', 2010, 1),
(1275, 10253, 'aliquet', 2011, 1),
(1280, 10254, 'Quisque', 2003, 2),
(1285, 10255, 'convallis', 2011, 1),
(1290, 10256, 'eget', 2007, 2),
(1295, 10257, 'ullamcorper', 2011, 2),
(1300, 10258, 'et', 2013, 1),
(1305, 10259, 'Big Data', 2004, 1),
(1310, 10260, 'risus', 2015, 2),
(1315, 10261, 'Aenean', 2005, 1),
(1320, 10262, 'eros', 2005, 2),
(1325, 10263, 'ac', 2000, 1),
(1330, 10264, 'nisl', 2006, 1),
(1335, 10265, 'ornare', 2007, 1),
(1340, 10266, 'magna', 2014, 1),
(1345, 10267, 'tristique', 2000, 1),
(1350, 10268, 'tincidunt', 2004, 2),
(1355, 10269, 'pede,', 2005, 2),
(1360, 10270, 'pretium', 2006, 2),
(1365, 10271, 'diam', 2003, 2),
(1370, 10272, 'Suspendisse', 2002, 1),
(1375, 10273, 'fermentum', 2004, 2),
(1380, 10274, 'arcu.', 2011, 2),
(1385, 10275, 'In', 2005, 1),
(1390, 10276, 'parturient', 2002, 2),
(1395, 10277, 'Quisque', 2014, 2),
(1400, 10278, 'consectetuer', 2013, 2),
(1405, 10279, 'non,', 2001, 1),
(1410, 10280, 'Information Sciences', 2013, 1),
(1415, 10281, 'sit', 2013, 2),
(1420, 10282, 'molestie', 2006, 1),
(1425, 10283, 'hendrerit', 2014, 2),
(1430, 10284, 'amet,', 2012, 2),
(1435, 10285, 'feugiat', 2008, 2),
(1440, 10286, 'pellentesque', 2002, 1),
(1445, 10287, 'Donec', 2004, 1),
(1450, 10288, 'sagittis', 2002, 1),
(1455, 10289, 'ligula.', 2006, 1),
(1460, 10290, 'pede,', 2004, 1),
(1465, 10291, 'montes,', 2004, 2),
(1470, 10292, 'auctor,', 2012, 2),
(1475, 10293, 'egestas', 2007, 2),
(1480, 10294, 'Nam', 2014, 2),
(1485, 10295, 'Maecenas', 2006, 2),
(1490, 10296, 'enim', 2001, 2),
(1495, 10297, 'Cras', 2008, 1),
(1500, 10298, 'In', 2003, 2),
(1505, 10299, 'Integer', 2012, 2),
(1510, 10362, 'ipsum', 2004, 1),
(1515, 10399, 'Information Systems', 2014, 2),
(1520, 10424, 'mi', 2013, 1),
(1525, 10088, 'sollicitudin', 2009, 2),
(1530, 10078, 'elementum', 2000, 2),
(1535, 10298, 'risus.', 2007, 2),
(1540, 10166, 'dictum', 2015, 1),
(1545, 10341, 'urna.', 2013, 1),
(1550, 10401, 'Aliquam', 2009, 1),
(1555, 10545, 'vestibulum.', 2014, 2),
(1560, 10184, 'leo.', 2011, 1),
(1565, 10295, 'neque.', 2013, 1),
(1570, 10267, 'accumsan', 2000, 2),
(1575, 10057, 'risus,', 2005, 1),
(1580, 10345, 'lorem', 2008, 1),
(1585, 10178, 'magna.', 2000, 2),
(1590, 10080, 'Sed', 2006, 1),
(1595, 10380, 'interdum.', 2012, 2),
(1600, 10173, 'elit.', 2000, 2),
(1605, 10470, 'Information Sciences', 2004, 1),
(1610, 10368, 'dignissim', 2013, 1),
(1615, 10468, 'at', 2015, 2),
(1620, 10281, 'Aenean', 2007, 2),
(1625, 10113, 'tincidunt.', 2008, 2),
(1630, 10416, 'aliquet', 2015, 1),
(1635, 10349, 'Data Analysis', 2001, 1),
(1640, 10355, 'enim', 2003, 1),
(1645, 10181, 'sit', 2003, 1),
(1650, 10135, 'Suspendisse', 2007, 1),
(1655, 10451, 'ut,', 2004, 2),
(1660, 10259, 'at', 2009, 1),
(1665, 10165, 'luctus', 2001, 2),
(1670, 10095, 'molestie', 2007, 2),
(1675, 10466, 'mauris', 2005, 1),
(1680, 10548, 'Big Data', 2001, 1),
(1685, 10323, 'libero', 2003, 2),
(1690, 10107, 'Big Data', 2014, 2),
(1695, 10522, 'lacus,', 2012, 1),
(1700, 10219, 'mi', 2012, 2),
(1705, 10386, 'Aliquam', 2007, 1),
(1710, 10355, 'mauris', 2005, 2),
(1715, 10351, 'nulla', 2011, 1),
(1720, 10083, 'Data Analysis', 2013, 2),
(1725, 10437, 'tellus', 2007, 2),
(1730, 10384, 'tortor', 2015, 2),
(1735, 10047, 'orci', 2000, 2),
(1740, 10528, 'mattis', 2008, 2),
(1745, 10117, 'Sed', 2015, 2),
(1750, 10118, 'ornare,', 2011, 1),
(1755, 10161, 'sit', 2001, 2),
(1760, 10530, 'et,', 2006, 1),
(1765, 10269, 'enim,', 2000, 2),
(1770, 10226, 'Data Analysis', 2001, 1),
(1775, 10301, 'Vivamus', 2005, 2),
(1780, 10003, 'nunc,', 2008, 2),
(1785, 10059, 'augue', 2012, 1),
(1790, 10332, 'ornare.', 2001, 1),
(1795, 10423, 'lacus.', 2014, 2),
(1800, 10464, 'ipsum', 2015, 2),
(1805, 10199, 'tincidunt,', 2001, 1),
(1810, 10371, 'Lorem', 2001, 2),
(1815, 10083, 'parturient', 2009, 1),
(1820, 10176, 'scelerisque', 2010, 1),
(1825, 10326, 'elit,', 2006, 2),
(1830, 10097, 'Vivamus', 2000, 1),
(1835, 10438, 'ornare', 2009, 1),
(1840, 10224, 'sollicitudin', 2003, 1),
(1845, 10350, 'tellus,', 2012, 2),
(1850, 10496, 'tincidunt', 2006, 1),
(1855, 10030, 'at', 2008, 2),
(1860, 10052, 'nec,', 2006, 1),
(1865, 10530, 'Aliquam', 2001, 1),
(1870, 10380, 'tellus', 2000, 2),
(1875, 10198, 'mi.', 2005, 2),
(1880, 10516, 'vestibulum', 2005, 2),
(1885, 10224, 'vitae,', 2002, 2),
(1890, 10236, 'dolor,', 2008, 2),
(1895, 10248, 'Suspendisse', 2002, 1),
(1900, 10133, 'ac', 2008, 1),
(1905, 10316, 'quam', 2004, 1),
(1910, 10277, 'facilisis', 2009, 2),
(1915, 10383, 'at,', 2013, 1),
(1920, 10217, 'sed', 2013, 2),
(1925, 10369, 'convallis', 2010, 1),
(1930, 10240, 'Phasellus', 2002, 2),
(1935, 10298, 'Fusce', 2005, 1),
(1940, 10295, 'lectus', 2001, 1),
(1945, 10304, 'enim', 2011, 2),
(1950, 10441, 'metus', 2013, 2),
(1955, 10411, 'nec,', 2012, 1),
(1960, 10352, 'dolor', 2006, 1),
(1965, 10312, 'id,', 2010, 2),
(1970, 10022, 'venenatis', 2009, 1),
(1975, 10114, 'sociis', 2002, 1),
(1980, 10369, 'vel', 2002, 1),
(1985, 10519, 'lobortis', 2012, 1),
(1990, 10314, 'elit', 2009, 1),
(1995, 10032, 'sapien', 2005, 1),
(2000, 10321, 'Big Data', 2005, 2),
(2005, 10465, 'a,', 2005, 1);

-- --------------------------------------------------------

--
-- Table structure for table `classstudent`
--

CREATE TABLE `classstudent` (
  `ClassID` int(10) NOT NULL,
  `StudentID` int(10) NOT NULL,
  `FinalGrade` int(1) DEFAULT NULL
) ENGINE=InnoDB DEFAULT CHARSET=utf8mb4;

--
-- Dumping data for table `classstudent`
--

INSERT INTO `classstudent` (`ClassID`, `StudentID`, `FinalGrade`) VALUES
(10, 1, 4),
(10, 80, 5),
(15, 2, 2),
(15, 81, 4),
(20, 3, 3),
(20, 82, 5),
(25, 4, 5),
(25, 83, 6),
(30, 5, 6),
(30, 76, 4),
(30, 84, 3),
(35, 6, 5),
(35, 77, 4),
(35, 85, 3),
(40, 7, 5),
(40, 78, 5),
(40, 86, 4),
(45, 8, 4),
(45, 79, 6),
(45, 87, 3),
(50, 9, 4),
(50, 80, 2),
(50, 88, 3),
(55, 10, 6),
(55, 81, 3),
(55, 89, 4),
(60, 11, 4),
(60, 20, 5),
(60, 21, 2),
(60, 22, 6),
(60, 23, 3),
(60, 24, 3),
(60, 25, 2),
(60, 26, 4),
(60, 27, 3),
(60, 28, 2),
(60, 29, 6),
(60, 30, 2),
(60, 31, 6),
(60, 32, 6),
(60, 33, 5),
(60, 34, 6),
(60, 35, 3),
(60, 36, 4),
(60, 37, 6),
(60, 38, 6),
(60, 39, 5),
(60, 40, 5),
(60, 41, 3),
(60, 42, 5),
(60, 43, 3),
(60, 44, 5),
(60, 45, 4),
(60, 46, 6),
(60, 47, 3),
(60, 48, 2),
(60, 49, 4),
(60, 50, 2),
(60, 51, 5),
(60, 52, 3),
(60, 53, 3),
(60, 54, 5),
(60, 55, 3),
(60, 56, 6),
(60, 57, 3),
(60, 58, 6),
(60, 59, 5),
(60, 60, 4),
(60, 61, 5),
(60, 62, 4),
(60, 63, 4),
(60, 64, 3),
(60, 65, 5),
(60, 66, 6),
(60, 67, 3),
(60, 68, 2),
(60, 69, 6),
(60, 70, 6),
(60, 71, 3),
(60, 72, 4),
(60, 73, 4),
(60, 74, 4),
(60, 75, 6),
(60, 76, 5),
(60, 77, 3),
(60, 78, 3),
(60, 79, 5),
(60, 80, 5),
(60, 81, 4),
(60, 82, 5),
(60, 83, 2),
(60, 84, 3),
(60, 85, 3),
(60, 86, 3),
(60, 87, 5),
(60, 88, 5),
(60, 89, 2),
(60, 90, 5),
(60, 91, 4),
(60, 92, 2),
(60, 93, 4),
(60, 94, 3),
(60, 95, 3),
(60, 96, 2),
(60, 97, 5),
(60, 98, 4),
(60, 99, 2),
(60, 100, 4),
(60, 101, 6),
(60, 102, 5),
(60, 103, 2),
(60, 104, 6),
(60, 105, 6),
(60, 106, 3),
(60, 107, 3),
(60, 108, 2),
(60, 109, 4),
(60, 110, 5),
(60, 111, 2),
(60, 112, 3),
(60, 113, 3),
(60, 114, 6),
(60, 115, 3),
(60, 116, 4),
(60, 117, 6),
(60, 118, 4),
(60, 119, 3),
(65, 12, 5),
(65, 83, 3),
(65, 91, 5),
(70, 13, 3),
(70, 84, 3),
(70, 92, 2),
(75, 14, 5),
(75, 93, 3),
(80, 15, 4),
(80, 94, 2),
(85, 16, 2),
(85, 95, 5),
(90, 17, 5),
(90, 88, 4),
(90, 96, 5),
(95, 18, 6),
(95, 89, 5),
(95, 97, 4),
(100, 19, 2),
(100, 20, 3),
(100, 90, 4),
(100, 98, 2),
(101, 200, 5),
(101, 210, 2),
(101, 220, 6),
(101, 230, 5),
(101, 240, 2),
(101, 250, 3),
(101, 260, 4),
(101, 270, 5),
(105, 20, 5),
(105, 21, 5),
(105, 91, 6),
(105, 99, 3),
(110, 21, 3),
(110, 22, 5),
(110, 92, 5),
(110, 100, 3),
(115, 22, 5),
(115, 23, 3),
(115, 93, 5),
(115, 101, 2),
(120, 23, 2),
(120, 24, 4),
(120, 94, 2),
(120, 102, 6),
(120, 200, 3),
(120, 201, 3),
(120, 202, 5),
(120, 203, 3),
(120, 204, 3),
(120, 205, 4),
(120, 206, 6),
(120, 207, 4),
(120, 208, 5),
(120, 209, 2),
(120, 210, 2),
(120, 211, 5),
(120, 212, 5),
(120, 213, 3),
(120, 214, 3),
(120, 215, 3),
(120, 216, 6),
(120, 217, 6),
(120, 218, 2),
(120, 219, 5),
(120, 220, 5),
(120, 221, 5),
(120, 222, 6),
(120, 223, 3),
(120, 224, 4),
(120, 225, 2),
(120, 226, 2),
(120, 227, 2),
(120, 228, 3),
(120, 229, 2),
(120, 230, 5),
(120, 231, 5),
(120, 232, 3),
(120, 233, 4),
(120, 234, 4),
(120, 235, 3),
(120, 236, 3),
(120, 237, 5),
(120, 238, 5),
(120, 239, 5),
(120, 240, 2),
(120, 241, 6),
(120, 242, 5),
(120, 243, 5),
(120, 244, 6),
(120, 245, 6),
(120, 246, 6),
(120, 247, 6),
(120, 248, 4),
(120, 249, 3),
(120, 250, 3),
(120, 251, 2),
(120, 252, 2),
(120, 253, 4),
(120, 254, 5),
(120, 255, 6),
(120, 256, 6),
(120, 257, 5),
(120, 258, 4),
(120, 259, 3),
(120, 260, 4),
(120, 261, 6),
(120, 262, 5),
(120, 263, 2),
(120, 264, 6),
(120, 265, 6),
(120, 266, 5),
(120, 267, 6),
(120, 268, 6),
(120, 269, 6),
(120, 270, 5),
(120, 271, 5),
(120, 272, 3),
(120, 273, 3),
(120, 274, 4),
(120, 275, 5),
(120, 276, 4),
(120, 277, 5),
(120, 278, 3),
(120, 279, 4),
(125, 24, 6),
(125, 25, 2),
(125, 103, 3),
(130, 25, 5),
(130, 26, 5),
(130, 96, 4),
(130, 104, 2),
(135, 26, 4),
(135, 27, 3),
(135, 97, 2),
(135, 105, 5),
(140, 27, 6),
(140, 28, 5),
(140, 98, 4),
(140, 106, 6),
(145, 28, 3),
(145, 29, 5),
(145, 99, 2),
(145, 107, 4),
(150, 29, 3),
(150, 30, 2),
(150, 100, 4),
(150, 108, 3),
(155, 30, 2),
(155, 31, 3),
(155, 101, 6),
(155, 109, 3),
(160, 31, 5),
(160, 32, 5),
(160, 102, 6),
(160, 110, 3),
(165, 32, 4),
(165, 33, 2),
(165, 103, 2),
(165, 111, 6),
(170, 33, 4),
(170, 34, 2),
(170, 104, 2),
(170, 112, 3),
(175, 34, 5),
(175, 35, 2),
(175, 105, 5),
(175, 113, 2),
(180, 35, 3),
(180, 36, 6),
(180, 106, 2),
(180, 114, 6),
(185, 36, 2),
(185, 37, 2),
(185, 107, 5),
(185, 115, 6),
(190, 37, 2),
(190, 38, 6),
(190, 108, 4),
(190, 116, 5),
(195, 38, 2),
(195, 39, 6),
(195, 109, 6),
(195, 117, 4),
(200, 39, 2),
(200, 40, 4),
(200, 118, 5),
(200, 800, 2),
(205, 40, 6),
(205, 41, 2),
(205, 119, 2),
(205, 801, 3),
(210, 41, 6),
(210, 42, 6),
(210, 120, 4),
(210, 802, 6),
(215, 42, 3),
(215, 43, 2),
(215, 121, 4),
(215, 803, 2),
(220, 43, 4),
(220, 44, 4),
(220, 122, 5),
(220, 804, 4),
(225, 44, 5),
(225, 45, 4),
(225, 123, 4),
(225, 805, 6),
(230, 45, 4),
(230, 46, 5),
(230, 124, 5),
(230, 806, 4),
(235, 46, 4),
(235, 47, 4),
(235, 125, 4),
(235, 807, 2),
(240, 47, 3),
(240, 48, 4),
(240, 126, 6),
(240, 808, 5),
(245, 48, 6),
(245, 49, 6),
(245, 127, 6),
(245, 809, 4),
(250, 49, 3),
(250, 50, 2),
(250, 128, 4),
(250, 810, 3),
(255, 50, 5),
(255, 51, 6),
(255, 129, 2),
(255, 811, 4),
(260, 51, 6),
(260, 52, 2),
(260, 130, 6),
(260, 812, 6),
(265, 52, 2),
(265, 53, 4),
(265, 131, 6),
(265, 813, 5),
(270, 53, 2),
(270, 54, 5),
(270, 132, 3),
(270, 814, 6),
(275, 54, 6),
(275, 55, 5),
(275, 133, 3),
(275, 815, 2),
(280, 55, 4),
(280, 56, 5),
(280, 134, 4),
(280, 816, 5),
(285, 56, 3),
(285, 57, 6),
(285, 135, 3),
(285, 817, 6),
(290, 57, 4),
(290, 58, 6),
(290, 136, 5),
(290, 818, 6),
(295, 58, 2),
(295, 59, 6),
(295, 137, 2),
(295, 819, 5),
(300, 59, 2),
(300, 60, 5),
(300, 138, 6),
(300, 400, 6),
(300, 800, 5),
(300, 820, 2),
(305, 60, 2),
(305, 61, 3),
(305, 139, 4),
(305, 401, 5),
(305, 801, 2),
(305, 821, 6),
(310, 61, 2),
(310, 62, 3),
(310, 140, 3),
(310, 402, 5),
(310, 802, 2),
(310, 822, 4),
(315, 62, 2),
(315, 63, 2),
(315, 141, 3),
(315, 403, 5),
(315, 803, 6),
(315, 823, 4),
(320, 63, 3),
(320, 64, 6),
(320, 142, 4),
(320, 404, 6),
(320, 804, 5),
(320, 824, 3),
(325, 64, 4),
(325, 65, 3),
(325, 143, 4),
(325, 405, 5),
(325, 805, 5),
(325, 825, 5),
(330, 65, 6),
(330, 66, 6),
(330, 144, 2),
(330, 406, 5),
(330, 806, 4),
(330, 826, 5),
(335, 66, 6),
(335, 67, 2),
(335, 145, 5),
(335, 407, 6),
(335, 807, 4),
(335, 827, 6),
(340, 67, 5),
(340, 68, 4),
(340, 146, 3),
(340, 408, 6),
(340, 808, 4),
(340, 828, 2),
(345, 68, 5),
(345, 69, 4),
(345, 147, 3),
(345, 409, 4),
(345, 809, 2),
(345, 829, 5),
(350, 69, 4),
(350, 70, 5),
(350, 148, 2),
(350, 410, 6),
(350, 810, 6),
(350, 830, 4),
(355, 70, 2),
(355, 71, 2),
(355, 149, 2),
(355, 411, 5),
(355, 811, 3),
(355, 831, 3),
(360, 71, 5),
(360, 72, 6),
(360, 150, 6),
(360, 412, 6),
(360, 812, 5),
(360, 832, 6),
(365, 72, 6),
(365, 73, 5),
(365, 151, 3),
(365, 413, 6),
(365, 813, 2),
(365, 833, 2),
(370, 73, 5),
(370, 74, 3),
(370, 152, 6),
(370, 414, 6),
(370, 814, 5),
(370, 834, 5),
(375, 74, 6),
(375, 75, 2),
(375, 153, 3),
(375, 415, 4),
(375, 815, 3),
(375, 835, 3),
(380, 75, 2),
(380, 76, 2),
(380, 154, 2),
(380, 416, 6),
(380, 816, 4),
(380, 836, 3),
(385, 76, 6),
(385, 77, 4),
(385, 155, 6),
(385, 417, 5),
(385, 817, 2),
(385, 837, 6),
(390, 77, 3),
(390, 78, 4),
(390, 156, 6),
(390, 418, 5),
(390, 818, 5),
(390, 838, 2),
(395, 78, 3),
(395, 79, 2),
(395, 157, 4),
(395, 419, 5),
(395, 819, 6),
(395, 839, 6),
(400, 79, 5),
(400, 80, 5),
(400, 158, 6),
(400, 420, 6),
(400, 820, 2),
(400, 840, 2),
(405, 80, 5),
(405, 81, 6),
(405, 159, 6),
(405, 421, 5),
(405, 821, 4),
(405, 841, 6),
(410, 81, 6),
(410, 82, 2),
(410, 160, 6),
(410, 422, 6),
(410, 822, 4),
(410, 842, 4),
(415, 82, 4),
(415, 83, 5),
(415, 161, 3),
(415, 423, 5),
(415, 823, 2),
(415, 843, 3),
(420, 83, 4),
(420, 84, 6),
(420, 162, 4),
(420, 424, 4),
(420, 824, 6),
(420, 844, 3),
(425, 84, 6),
(425, 85, 4),
(425, 163, 2),
(425, 425, 4),
(425, 825, 4),
(425, 845, 5),
(430, 85, 3),
(430, 86, 2),
(430, 164, 5),
(430, 426, 6),
(430, 826, 5),
(430, 846, 4),
(435, 86, 2),
(435, 87, 3),
(435, 165, 5),
(435, 427, 4),
(435, 827, 2),
(435, 847, 5),
(440, 87, 5),
(440, 88, 2),
(440, 166, 2),
(440, 428, 4),
(440, 828, 3),
(440, 848, 5),
(445, 88, 4),
(445, 89, 4),
(445, 167, 6),
(445, 429, 4),
(445, 829, 5),
(445, 849, 4),
(450, 89, 6),
(450, 90, 6),
(450, 168, 6),
(450, 430, 5),
(450, 830, 6),
(450, 850, 3),
(455, 90, 3),
(455, 91, 4),
(455, 169, 4),
(455, 431, 6),
(455, 831, 5),
(455, 851, 4),
(460, 91, 3),
(460, 92, 3),
(460, 170, 5),
(460, 432, 4),
(460, 832, 5),
(460, 852, 4),
(465, 92, 4),
(465, 93, 6),
(465, 171, 5),
(465, 433, 4),
(465, 833, 4),
(465, 853, 2),
(470, 93, 2),
(470, 94, 2),
(470, 172, 5),
(470, 434, 6),
(470, 834, 5),
(470, 854, 2),
(475, 94, 5),
(475, 95, 5),
(475, 173, 5),
(475, 435, 5),
(475, 835, 6),
(475, 855, 6),
(480, 95, 2),
(480, 96, 2),
(480, 174, 6),
(480, 436, 4),
(480, 836, 2),
(480, 856, 5),
(485, 96, 4),
(485, 97, 6),
(485, 175, 6),
(485, 437, 6),
(485, 837, 2),
(485, 857, 6),
(490, 97, 2),
(490, 98, 4),
(490, 176, 5),
(490, 438, 6),
(490, 838, 4),
(490, 858, 5),
(495, 98, 5),
(495, 99, 3),
(495, 177, 2),
(495, 439, 5),
(495, 839, 5),
(495, 859, 6),
(500, 50, 6),
(500, 99, 4),
(500, 100, 5),
(500, 178, 5),
(500, 440, 6),
(500, 840, 5),
(500, 860, 3),
(505, 51, 6),
(505, 100, 3),
(505, 101, 5),
(505, 179, 4),
(505, 441, 5),
(505, 841, 6),
(505, 861, 4),
(510, 20, 5),
(510, 52, 5),
(510, 90, 6),
(510, 102, 3),
(510, 442, 4),
(510, 842, 4),
(510, 862, 2),
(515, 53, 6),
(515, 91, 5),
(515, 103, 6),
(515, 443, 4),
(515, 843, 3),
(515, 863, 2),
(520, 54, 3),
(520, 92, 3),
(520, 104, 2),
(520, 444, 4),
(520, 844, 2),
(520, 864, 3),
(525, 55, 2),
(525, 93, 3),
(525, 105, 6),
(525, 445, 6),
(525, 845, 4),
(525, 865, 6),
(530, 56, 4),
(530, 94, 3),
(530, 106, 2),
(530, 446, 5),
(530, 846, 2),
(530, 866, 5),
(535, 57, 2),
(535, 95, 5),
(535, 107, 3),
(535, 447, 6),
(535, 847, 4),
(535, 867, 6),
(540, 58, 5),
(540, 96, 6),
(540, 108, 6),
(540, 448, 5),
(540, 848, 6),
(540, 868, 3),
(545, 59, 6),
(545, 97, 6),
(545, 109, 3),
(545, 449, 6),
(545, 849, 5),
(545, 869, 3),
(550, 60, 4),
(550, 98, 4),
(550, 110, 5),
(550, 450, 4),
(550, 850, 4),
(550, 870, 3),
(555, 61, 3),
(555, 99, 3),
(555, 111, 5),
(555, 451, 4),
(555, 851, 3),
(555, 871, 4),
(560, 20, 2),
(560, 62, 2),
(560, 100, 6),
(560, 112, 5),
(560, 452, 6),
(560, 852, 2),
(560, 872, 5),
(565, 63, 6),
(565, 101, 3),
(565, 113, 2),
(565, 453, 5),
(565, 853, 3),
(565, 873, 4),
(570, 64, 2),
(570, 102, 6),
(570, 114, 2),
(570, 454, 4),
(570, 854, 6),
(570, 874, 6),
(575, 65, 2),
(575, 103, 5),
(575, 115, 2),
(575, 455, 4),
(575, 855, 2),
(575, 875, 5),
(580, 66, 2),
(580, 104, 3),
(580, 116, 2),
(580, 456, 6),
(580, 856, 2),
(580, 876, 4),
(585, 67, 6),
(585, 105, 4),
(585, 117, 6),
(585, 457, 5),
(585, 857, 2),
(585, 877, 2),
(590, 68, 3),
(590, 106, 5),
(590, 118, 3),
(590, 458, 5),
(590, 858, 3),
(590, 878, 6),
(595, 69, 6),
(595, 107, 4),
(595, 119, 4),
(595, 459, 4),
(595, 859, 5),
(595, 879, 5),
(600, 70, 6),
(600, 108, 4),
(600, 460, 6),
(600, 800, 2),
(600, 860, 5),
(600, 880, 2),
(605, 71, 6),
(605, 109, 6),
(605, 461, 4),
(605, 801, 3),
(605, 861, 2),
(605, 881, 5),
(610, 40, 5),
(610, 72, 2),
(610, 110, 5),
(610, 462, 5),
(610, 802, 5),
(610, 862, 6),
(610, 882, 6),
(615, 73, 6),
(615, 111, 6),
(615, 463, 6),
(615, 803, 4),
(615, 863, 2),
(615, 883, 2),
(620, 74, 5),
(620, 112, 4),
(620, 464, 5),
(620, 804, 3),
(620, 864, 3),
(620, 884, 5),
(625, 75, 4),
(625, 113, 6),
(625, 465, 4),
(625, 805, 4),
(625, 865, 5),
(625, 885, 2),
(630, 76, 2),
(630, 114, 6),
(630, 466, 5),
(630, 806, 4),
(630, 866, 4),
(630, 886, 3),
(635, 77, 2),
(635, 115, 6),
(635, 467, 5),
(635, 807, 3),
(635, 867, 4),
(635, 887, 2),
(640, 78, 4),
(640, 116, 3),
(640, 468, 6),
(640, 808, 6),
(640, 868, 4),
(640, 888, 2),
(645, 79, 4),
(645, 117, 3),
(645, 469, 6),
(645, 809, 2),
(645, 869, 3),
(645, 889, 2),
(650, 80, 2),
(650, 118, 6),
(650, 470, 5),
(650, 810, 4),
(650, 870, 6),
(650, 890, 6),
(655, 81, 2),
(655, 119, 6),
(655, 471, 6),
(655, 811, 4),
(655, 871, 4),
(655, 891, 3),
(660, 40, 2),
(660, 82, 2),
(660, 120, 5),
(660, 472, 2),
(660, 812, 2),
(660, 872, 6),
(660, 892, 5),
(665, 83, 5),
(665, 121, 5),
(665, 473, 5),
(665, 813, 5),
(665, 873, 2),
(665, 893, 4),
(670, 84, 3),
(670, 122, 6),
(670, 474, 6),
(670, 814, 5),
(670, 874, 4),
(670, 894, 4),
(675, 85, 6),
(675, 123, 4),
(675, 475, 5),
(675, 815, 5),
(675, 875, 3),
(675, 895, 3),
(680, 86, 6),
(680, 124, 4),
(680, 476, 4),
(680, 816, 3),
(680, 876, 3),
(680, 896, 5),
(685, 87, 2),
(685, 125, 5),
(685, 477, 5),
(685, 817, 4),
(685, 877, 3),
(685, 897, 2),
(690, 88, 4),
(690, 126, 5),
(690, 478, 4),
(690, 818, 5),
(690, 878, 5),
(690, 898, 5),
(695, 89, 2),
(695, 127, 6),
(695, 479, 5),
(695, 819, 5),
(695, 879, 2),
(695, 899, 5),
(700, 90, 4),
(700, 128, 6),
(700, 300, 6),
(700, 480, 5),
(700, 820, 5),
(700, 880, 6),
(705, 91, 6),
(705, 129, 6),
(705, 301, 3),
(705, 481, 5),
(705, 821, 6),
(705, 881, 4),
(710, 70, 4),
(710, 92, 4),
(710, 130, 5),
(710, 302, 4),
(710, 482, 6),
(710, 822, 3),
(710, 882, 2),
(715, 93, 6),
(715, 131, 4),
(715, 303, 4),
(715, 483, 4),
(715, 823, 6),
(715, 883, 6),
(720, 94, 2),
(720, 132, 3),
(720, 304, 4),
(720, 484, 6),
(720, 824, 6),
(720, 884, 3),
(725, 95, 3),
(725, 133, 6),
(725, 305, 3),
(725, 485, 5),
(725, 825, 6),
(725, 885, 3),
(730, 96, 4),
(730, 134, 5),
(730, 306, 3),
(730, 486, 6),
(730, 826, 3),
(730, 886, 6),
(735, 97, 2),
(735, 135, 3),
(735, 307, 5),
(735, 487, 4),
(735, 827, 3),
(735, 887, 6),
(740, 98, 2),
(740, 136, 6),
(740, 308, 6),
(740, 488, 5),
(740, 828, 5),
(740, 888, 4),
(745, 99, 6),
(745, 137, 6),
(745, 309, 4),
(745, 489, 4),
(745, 829, 3),
(745, 889, 3),
(750, 100, 3),
(750, 138, 4),
(750, 310, 2),
(750, 490, 5),
(750, 830, 6),
(750, 890, 4),
(755, 101, 5),
(755, 139, 5),
(755, 311, 3),
(755, 491, 4),
(755, 831, 2),
(755, 891, 6),
(760, 70, 6),
(760, 102, 3),
(760, 140, 5),
(760, 312, 6),
(760, 492, 4),
(760, 832, 5),
(760, 892, 4),
(765, 103, 6),
(765, 141, 3),
(765, 313, 2),
(765, 493, 5),
(765, 833, 6),
(765, 893, 3),
(770, 104, 2),
(770, 142, 4),
(770, 314, 6),
(770, 494, 4),
(770, 834, 4),
(770, 894, 6),
(775, 105, 2),
(775, 143, 5),
(775, 315, 3),
(775, 495, 5),
(775, 835, 3),
(775, 895, 5),
(780, 106, 4),
(780, 144, 3),
(780, 316, 5),
(780, 496, 4),
(780, 836, 6),
(780, 896, 5),
(785, 107, 4),
(785, 145, 3),
(785, 317, 2),
(785, 497, 6),
(785, 837, 3),
(785, 897, 4),
(790, 108, 3),
(790, 146, 3),
(790, 318, 3),
(790, 498, 4),
(790, 838, 2),
(790, 898, 4),
(795, 109, 2),
(795, 147, 4),
(795, 319, 5),
(795, 499, 6),
(795, 839, 2),
(795, 899, 5),
(800, 110, 4),
(800, 148, 5),
(800, 320, 3),
(800, 840, 4),
(805, 111, 3),
(805, 149, 3),
(805, 321, 5),
(805, 841, 4),
(810, 91, 5),
(810, 112, 3),
(810, 150, 6),
(810, 322, 6),
(810, 842, 4),
(815, 113, 2),
(815, 151, 3),
(815, 323, 6),
(815, 843, 2),
(820, 114, 2),
(820, 152, 6),
(820, 324, 6),
(820, 844, 3),
(825, 115, 3),
(825, 153, 3),
(825, 325, 2),
(825, 845, 5),
(830, 116, 2),
(830, 154, 5),
(830, 326, 3),
(830, 846, 2),
(835, 117, 4),
(835, 155, 3),
(835, 327, 4),
(835, 847, 2),
(840, 118, 4),
(840, 156, 6),
(840, 328, 4),
(840, 848, 4),
(845, 119, 3),
(845, 157, 6),
(845, 329, 2),
(845, 849, 4),
(850, 120, 5),
(850, 158, 6),
(850, 330, 4),
(850, 850, 2),
(855, 121, 3),
(855, 159, 4),
(855, 331, 6),
(855, 851, 3),
(860, 91, 4),
(860, 122, 3),
(860, 160, 4),
(860, 332, 3),
(860, 852, 4),
(865, 123, 2),
(865, 161, 5),
(865, 333, 4),
(865, 853, 4),
(870, 120, 3),
(870, 121, 4),
(870, 122, 4),
(870, 123, 6),
(870, 124, 3),
(870, 125, 3),
(870, 126, 5),
(870, 127, 5),
(870, 128, 3),
(870, 129, 3),
(870, 130, 6),
(870, 131, 3),
(870, 132, 4),
(870, 133, 3),
(870, 134, 3),
(870, 135, 6),
(870, 136, 2),
(870, 137, 4),
(870, 138, 4),
(870, 139, 5),
(870, 140, 4),
(870, 141, 2),
(870, 142, 6),
(870, 143, 6),
(870, 144, 2),
(870, 145, 3),
(870, 146, 5),
(870, 147, 3),
(870, 148, 2),
(870, 149, 6),
(870, 150, 6),
(870, 151, 3),
(870, 152, 6),
(870, 153, 4),
(870, 154, 6),
(870, 155, 5),
(870, 156, 6),
(870, 157, 6),
(870, 158, 6),
(870, 159, 4),
(870, 160, 2),
(870, 161, 6),
(870, 162, 6),
(870, 163, 6),
(870, 164, 3),
(870, 165, 6),
(870, 166, 2),
(870, 167, 4),
(870, 168, 6),
(870, 169, 4),
(870, 170, 5),
(870, 171, 4),
(870, 172, 5),
(870, 173, 2),
(870, 174, 6),
(870, 175, 5),
(870, 176, 6),
(870, 177, 6),
(870, 178, 4),
(870, 179, 5),
(870, 334, 6),
(870, 854, 3),
(875, 125, 6),
(875, 163, 6),
(875, 335, 6),
(875, 855, 5),
(880, 126, 2),
(880, 164, 3),
(880, 336, 4),
(880, 856, 4),
(885, 127, 3),
(885, 165, 6),
(885, 337, 3),
(885, 857, 4),
(890, 128, 6),
(890, 166, 4),
(890, 338, 4),
(890, 858, 5),
(895, 129, 4),
(895, 167, 3),
(895, 339, 5),
(895, 859, 5),
(900, 130, 6),
(900, 168, 4),
(900, 340, 3),
(900, 400, 5),
(900, 600, 6),
(900, 860, 5),
(905, 131, 6),
(905, 169, 3),
(905, 341, 2),
(905, 401, 2),
(905, 601, 4),
(905, 861, 6),
(910, 110, 4),
(910, 132, 3),
(910, 170, 4),
(910, 342, 2),
(910, 402, 2),
(910, 602, 3),
(910, 862, 5),
(915, 133, 2),
(915, 171, 4),
(915, 343, 3),
(915, 403, 5),
(915, 603, 4),
(915, 863, 5),
(920, 134, 4),
(920, 172, 5),
(920, 344, 4),
(920, 404, 5),
(920, 604, 6),
(920, 864, 3),
(925, 135, 3),
(925, 173, 4),
(925, 345, 5),
(925, 405, 4),
(925, 605, 2),
(925, 865, 3),
(930, 136, 3),
(930, 174, 4),
(930, 346, 6),
(930, 406, 2),
(930, 606, 3),
(930, 866, 3),
(935, 137, 2),
(935, 175, 3),
(935, 347, 6),
(935, 407, 2),
(935, 607, 3),
(935, 867, 5),
(940, 138, 5),
(940, 176, 5),
(940, 348, 6),
(940, 408, 4),
(940, 608, 4),
(940, 868, 4),
(945, 139, 3),
(945, 177, 4),
(945, 349, 6),
(945, 409, 3),
(945, 609, 2),
(945, 869, 6),
(950, 140, 5),
(950, 178, 3),
(950, 350, 3),
(950, 410, 4),
(950, 610, 3),
(950, 870, 3),
(955, 141, 3),
(955, 179, 3),
(955, 351, 5),
(955, 411, 3),
(955, 611, 6),
(955, 871, 5),
(960, 110, 5),
(960, 142, 6),
(960, 180, 4),
(960, 352, 2),
(960, 412, 4),
(960, 612, 2),
(960, 872, 3),
(965, 143, 5),
(965, 181, 3),
(965, 353, 4),
(965, 413, 3),
(965, 613, 4),
(965, 873, 2),
(970, 144, 6),
(970, 182, 3),
(970, 354, 3),
(970, 414, 6),
(970, 614, 3),
(970, 874, 3),
(975, 145, 4),
(975, 183, 4),
(975, 355, 2),
(975, 415, 3),
(975, 615, 3),
(975, 875, 6),
(980, 146, 3),
(980, 184, 5),
(980, 356, 6),
(980, 416, 3),
(980, 616, 2),
(980, 876, 6),
(985, 147, 2),
(985, 185, 4),
(985, 357, 6),
(985, 417, 2),
(985, 617, 6),
(985, 877, 4),
(990, 148, 4),
(990, 186, 6),
(990, 358, 6),
(990, 400, 3),
(990, 418, 3),
(990, 618, 6),
(990, 878, 6),
(995, 149, 2),
(995, 187, 4),
(995, 359, 4),
(995, 401, 5),
(995, 419, 4),
(995, 619, 5),
(995, 879, 4),
(1000, 70, 5),
(1000, 188, 5),
(1000, 360, 4),
(1000, 402, 6),
(1000, 420, 4),
(1000, 500, 2),
(1000, 600, 4),
(1000, 620, 3),
(1000, 880, 6),
(1005, 71, 5),
(1005, 189, 6),
(1005, 361, 4),
(1005, 403, 3),
(1005, 421, 3),
(1005, 501, 3),
(1005, 601, 2),
(1005, 621, 2),
(1005, 881, 2),
(1010, 72, 4),
(1010, 190, 5),
(1010, 362, 3),
(1010, 404, 4),
(1010, 422, 6),
(1010, 502, 2),
(1010, 602, 2),
(1010, 622, 6),
(1010, 882, 4),
(1015, 73, 3),
(1015, 120, 3),
(1015, 121, 4),
(1015, 122, 4),
(1015, 123, 5),
(1015, 124, 2),
(1015, 125, 3),
(1015, 126, 6),
(1015, 127, 3),
(1015, 128, 5),
(1015, 129, 6),
(1015, 130, 5),
(1015, 131, 2),
(1015, 132, 2),
(1015, 133, 2),
(1015, 134, 6),
(1015, 135, 6),
(1015, 136, 6),
(1015, 137, 2),
(1015, 138, 6),
(1015, 139, 6),
(1015, 140, 6),
(1015, 141, 3),
(1015, 142, 6),
(1015, 143, 5),
(1015, 144, 5),
(1015, 145, 4),
(1015, 146, 3),
(1015, 147, 2),
(1015, 148, 6),
(1015, 149, 5),
(1015, 150, 2),
(1015, 151, 2),
(1015, 152, 5),
(1015, 153, 6),
(1015, 154, 2),
(1015, 155, 3),
(1015, 156, 6),
(1015, 157, 6),
(1015, 158, 5),
(1015, 159, 4),
(1015, 160, 2),
(1015, 161, 2),
(1015, 162, 3),
(1015, 163, 4),
(1015, 164, 6),
(1015, 165, 4),
(1015, 166, 5),
(1015, 167, 3),
(1015, 168, 4),
(1015, 169, 5),
(1015, 170, 2),
(1015, 171, 6),
(1015, 172, 3),
(1015, 173, 3),
(1015, 174, 3),
(1015, 175, 4),
(1015, 176, 5),
(1015, 177, 3),
(1015, 178, 5),
(1015, 179, 5),
(1015, 180, 6),
(1015, 181, 4),
(1015, 182, 2),
(1015, 183, 3),
(1015, 184, 2),
(1015, 185, 4),
(1015, 186, 6),
(1015, 187, 4),
(1015, 188, 2),
(1015, 189, 3),
(1015, 190, 6),
(1015, 191, 6),
(1015, 192, 3),
(1015, 193, 2),
(1015, 194, 6),
(1015, 195, 2),
(1015, 196, 4),
(1015, 197, 5),
(1015, 198, 6),
(1015, 199, 6),
(1015, 363, 5),
(1015, 405, 3),
(1015, 423, 5),
(1015, 503, 3),
(1015, 603, 2),
(1015, 623, 2),
(1015, 883, 3),
(1020, 74, 3),
(1020, 192, 5),
(1020, 364, 3),
(1020, 406, 4),
(1020, 424, 2),
(1020, 504, 2),
(1020, 604, 2),
(1020, 624, 6),
(1020, 884, 4),
(1025, 75, 6),
(1025, 193, 4),
(1025, 365, 6),
(1025, 407, 6),
(1025, 425, 6),
(1025, 505, 4),
(1025, 605, 2),
(1025, 625, 4),
(1025, 885, 2),
(1030, 194, 4),
(1030, 366, 2),
(1030, 408, 4),
(1030, 426, 2),
(1030, 506, 4),
(1030, 606, 2),
(1030, 626, 6),
(1030, 886, 2),
(1035, 195, 6),
(1035, 367, 2),
(1035, 409, 5),
(1035, 427, 3),
(1035, 507, 3),
(1035, 607, 4),
(1035, 627, 6),
(1035, 887, 6),
(1040, 196, 5),
(1040, 368, 3),
(1040, 410, 6),
(1040, 428, 5),
(1040, 508, 4),
(1040, 608, 3),
(1040, 628, 5),
(1040, 888, 4),
(1045, 197, 4),
(1045, 369, 2),
(1045, 411, 3),
(1045, 429, 2),
(1045, 509, 4),
(1045, 609, 3),
(1045, 629, 3),
(1045, 889, 5),
(1050, 198, 4),
(1050, 370, 3),
(1050, 412, 3),
(1050, 430, 5),
(1050, 510, 3),
(1050, 610, 3),
(1050, 630, 3),
(1050, 890, 5),
(1055, 199, 4),
(1055, 371, 5),
(1055, 413, 2),
(1055, 431, 4),
(1055, 511, 3),
(1055, 611, 3),
(1055, 631, 3),
(1055, 891, 6),
(1060, 200, 6),
(1060, 372, 5),
(1060, 414, 3),
(1060, 432, 4),
(1060, 512, 2),
(1060, 612, 2),
(1060, 632, 6),
(1060, 892, 4),
(1065, 201, 6),
(1065, 373, 5),
(1065, 415, 2),
(1065, 433, 2),
(1065, 513, 2),
(1065, 613, 4),
(1065, 633, 4),
(1065, 893, 6),
(1070, 202, 4),
(1070, 374, 5),
(1070, 416, 6),
(1070, 434, 3),
(1070, 514, 2),
(1070, 614, 4),
(1070, 634, 6),
(1070, 894, 6),
(1075, 85, 6),
(1075, 203, 5),
(1075, 375, 4),
(1075, 417, 5),
(1075, 435, 3),
(1075, 515, 4),
(1075, 615, 2),
(1075, 635, 3),
(1075, 895, 4),
(1080, 86, 6),
(1080, 204, 6),
(1080, 376, 4),
(1080, 418, 4),
(1080, 436, 5),
(1080, 516, 3),
(1080, 616, 2),
(1080, 636, 2),
(1080, 896, 2),
(1085, 87, 2),
(1085, 205, 4),
(1085, 377, 2),
(1085, 419, 5),
(1085, 437, 6),
(1085, 517, 3),
(1085, 617, 3),
(1085, 637, 3),
(1085, 897, 5),
(1090, 206, 6),
(1090, 378, 3),
(1090, 420, 2),
(1090, 438, 6),
(1090, 518, 3),
(1090, 618, 3),
(1090, 638, 5),
(1090, 898, 4),
(1095, 207, 5),
(1095, 379, 2),
(1095, 421, 5),
(1095, 439, 4),
(1095, 519, 2),
(1095, 619, 3),
(1095, 639, 6),
(1095, 899, 5),
(1100, 208, 6),
(1100, 380, 6),
(1100, 422, 2),
(1100, 440, 6),
(1100, 520, 4),
(1100, 620, 2),
(1100, 640, 6),
(1100, 700, 5),
(1105, 209, 4),
(1105, 381, 5),
(1105, 423, 2),
(1105, 441, 6),
(1105, 521, 2),
(1105, 621, 3),
(1105, 641, 5),
(1105, 701, 6),
(1110, 210, 6),
(1110, 382, 2),
(1110, 424, 5),
(1110, 442, 3),
(1110, 522, 3),
(1110, 622, 4),
(1110, 642, 5),
(1110, 702, 6),
(1110, 10201, 5),
(1115, 211, 6),
(1115, 383, 4),
(1115, 425, 5),
(1115, 443, 2),
(1115, 523, 3),
(1115, 623, 3),
(1115, 643, 5),
(1115, 703, 4),
(1120, 212, 4),
(1120, 384, 5),
(1120, 426, 5),
(1120, 444, 3),
(1120, 524, 4),
(1120, 624, 3),
(1120, 644, 2),
(1120, 704, 5),
(1125, 95, 5),
(1125, 213, 5),
(1125, 385, 6),
(1125, 427, 2),
(1125, 445, 6),
(1125, 525, 4),
(1125, 625, 3),
(1125, 645, 2),
(1125, 705, 3),
(1130, 214, 5),
(1130, 386, 2),
(1130, 428, 3),
(1130, 446, 4),
(1130, 526, 4),
(1130, 626, 2),
(1130, 646, 3),
(1130, 706, 6),
(1135, 215, 6),
(1135, 387, 4),
(1135, 429, 5),
(1135, 447, 4),
(1135, 527, 2),
(1135, 627, 4),
(1135, 647, 3),
(1135, 707, 6),
(1140, 216, 4),
(1140, 388, 3),
(1140, 430, 6),
(1140, 448, 2),
(1140, 528, 3),
(1140, 628, 4),
(1140, 648, 6),
(1140, 708, 4),
(1145, 217, 5),
(1145, 389, 3),
(1145, 431, 4),
(1145, 449, 4),
(1145, 529, 4),
(1145, 629, 3),
(1145, 649, 4),
(1145, 709, 3),
(1150, 218, 6),
(1150, 390, 3),
(1150, 432, 5),
(1150, 450, 2),
(1150, 530, 2),
(1150, 630, 2),
(1150, 650, 3),
(1150, 710, 6),
(1155, 219, 5),
(1155, 391, 4),
(1155, 433, 4),
(1155, 451, 2),
(1155, 531, 4),
(1155, 631, 2),
(1155, 651, 6),
(1155, 711, 3),
(1160, 220, 6),
(1160, 392, 2),
(1160, 434, 5),
(1160, 452, 2),
(1160, 532, 2),
(1160, 632, 4),
(1160, 652, 6),
(1160, 712, 2),
(1165, 221, 5),
(1165, 393, 4),
(1165, 435, 4),
(1165, 453, 5),
(1165, 533, 4),
(1165, 633, 2),
(1165, 653, 5),
(1165, 713, 5),
(1170, 222, 4),
(1170, 394, 6),
(1170, 436, 2),
(1170, 454, 3),
(1170, 534, 4),
(1170, 634, 3),
(1170, 654, 5),
(1170, 714, 5),
(1175, 223, 5),
(1175, 395, 5),
(1175, 437, 6),
(1175, 455, 4),
(1175, 535, 2),
(1175, 635, 3),
(1175, 655, 4),
(1175, 715, 5),
(1180, 224, 5),
(1180, 396, 5),
(1180, 438, 4),
(1180, 456, 5),
(1180, 536, 4),
(1180, 636, 4),
(1180, 656, 6),
(1180, 716, 4),
(1185, 225, 6),
(1185, 397, 2),
(1185, 439, 4),
(1185, 457, 4),
(1185, 537, 2),
(1185, 637, 4),
(1185, 657, 3),
(1185, 717, 5),
(1190, 226, 5),
(1190, 398, 2),
(1190, 440, 3),
(1190, 458, 2),
(1190, 538, 4),
(1190, 638, 3),
(1190, 658, 4),
(1190, 718, 4),
(1195, 227, 6),
(1195, 399, 2),
(1195, 441, 2),
(1195, 459, 6),
(1195, 539, 4),
(1195, 639, 2),
(1195, 659, 6),
(1195, 719, 2),
(1200, 228, 4),
(1200, 442, 5),
(1200, 460, 5),
(1200, 540, 3),
(1200, 640, 3),
(1200, 660, 2),
(1200, 720, 5),
(1200, 800, 5),
(1200, 900, 4),
(1205, 229, 4),
(1205, 443, 2),
(1205, 461, 6),
(1205, 541, 2),
(1205, 641, 2),
(1205, 661, 3),
(1205, 721, 5),
(1205, 801, 6),
(1205, 901, 4),
(1210, 230, 6),
(1210, 444, 6),
(1210, 462, 2),
(1210, 542, 4),
(1210, 642, 2),
(1210, 662, 5),
(1210, 722, 3),
(1210, 802, 2),
(1210, 902, 5),
(1215, 231, 5),
(1215, 445, 3),
(1215, 463, 6),
(1215, 543, 2),
(1215, 643, 3),
(1215, 663, 4),
(1215, 723, 2),
(1215, 803, 2),
(1215, 903, 5),
(1220, 232, 4),
(1220, 446, 3),
(1220, 464, 4),
(1220, 544, 2),
(1220, 644, 2),
(1220, 664, 2),
(1220, 724, 4),
(1220, 804, 5),
(1220, 904, 2),
(1225, 233, 4),
(1225, 447, 4),
(1225, 465, 6),
(1225, 545, 3),
(1225, 645, 3),
(1225, 665, 3),
(1225, 725, 5),
(1225, 805, 4),
(1225, 905, 5),
(1230, 234, 4),
(1230, 448, 3),
(1230, 466, 4),
(1230, 546, 3),
(1230, 646, 3),
(1230, 666, 3),
(1230, 726, 3),
(1230, 806, 2),
(1230, 906, 3),
(1235, 235, 6),
(1235, 449, 4),
(1235, 467, 2),
(1235, 547, 3),
(1235, 647, 3),
(1235, 667, 4),
(1235, 727, 4),
(1235, 807, 2),
(1235, 907, 4),
(1240, 236, 6),
(1240, 450, 3),
(1240, 468, 2),
(1240, 548, 4),
(1240, 648, 2),
(1240, 668, 2),
(1240, 728, 2),
(1240, 808, 6),
(1240, 908, 4),
(1245, 237, 4),
(1245, 451, 5),
(1245, 469, 3),
(1245, 549, 3),
(1245, 649, 4),
(1245, 669, 4),
(1245, 729, 2),
(1245, 809, 2),
(1245, 909, 5),
(1250, 238, 6),
(1250, 452, 5),
(1250, 470, 5),
(1250, 550, 4),
(1250, 650, 3),
(1250, 670, 2),
(1250, 730, 4),
(1250, 810, 5),
(1250, 910, 2),
(1255, 239, 4),
(1255, 453, 6),
(1255, 471, 6),
(1255, 551, 3),
(1255, 651, 3),
(1255, 671, 4),
(1255, 731, 3),
(1255, 811, 2),
(1255, 911, 3),
(1260, 240, 5),
(1260, 454, 3),
(1260, 472, 5),
(1260, 552, 4),
(1260, 652, 3),
(1260, 672, 3),
(1260, 732, 6),
(1260, 812, 2),
(1260, 912, 2),
(1260, 10010, 6),
(1265, 241, 5),
(1265, 455, 3),
(1265, 473, 3),
(1265, 553, 3),
(1265, 653, 2),
(1265, 673, 3),
(1265, 733, 4),
(1265, 813, 6),
(1265, 913, 6),
(1270, 242, 5),
(1270, 456, 5),
(1270, 474, 4),
(1270, 554, 4),
(1270, 654, 3),
(1270, 674, 5),
(1270, 734, 6),
(1270, 814, 5),
(1270, 914, 3),
(1275, 243, 5),
(1275, 457, 4),
(1275, 475, 2),
(1275, 555, 4),
(1275, 655, 2),
(1275, 675, 6),
(1275, 735, 5),
(1275, 815, 3),
(1275, 915, 5),
(1280, 244, 4),
(1280, 458, 6),
(1280, 476, 4),
(1280, 556, 2),
(1280, 656, 2),
(1280, 676, 3),
(1280, 736, 4),
(1280, 816, 6),
(1280, 916, 3),
(1285, 245, 5),
(1285, 459, 6),
(1285, 477, 2),
(1285, 557, 3),
(1285, 657, 4),
(1285, 677, 5),
(1285, 737, 4),
(1285, 817, 2),
(1285, 917, 3),
(1290, 246, 5),
(1290, 460, 2),
(1290, 478, 5),
(1290, 558, 2),
(1290, 658, 3),
(1290, 678, 4),
(1290, 738, 6),
(1290, 818, 3),
(1290, 918, 2),
(1295, 247, 6),
(1295, 461, 4),
(1295, 479, 5),
(1295, 559, 2),
(1295, 659, 4),
(1295, 679, 4),
(1295, 739, 2),
(1295, 819, 6),
(1295, 919, 5),
(1300, 248, 6),
(1300, 400, 2),
(1300, 462, 6),
(1300, 480, 4),
(1300, 560, 2),
(1300, 660, 3),
(1300, 680, 2),
(1300, 740, 2),
(1300, 820, 4),
(1300, 920, 4),
(1305, 249, 5),
(1305, 401, 2),
(1305, 463, 2),
(1305, 481, 2),
(1305, 561, 2),
(1305, 661, 2),
(1305, 681, 6),
(1305, 741, 3),
(1305, 821, 5),
(1305, 921, 5),
(1310, 250, 5),
(1310, 402, 4),
(1310, 464, 6),
(1310, 482, 6),
(1310, 562, 4),
(1310, 662, 3),
(1310, 682, 5),
(1310, 742, 5),
(1310, 822, 2),
(1310, 922, 2),
(1315, 251, 4),
(1315, 403, 4),
(1315, 465, 2),
(1315, 483, 2),
(1315, 563, 3),
(1315, 663, 3),
(1315, 683, 3),
(1315, 743, 2),
(1315, 823, 4),
(1315, 923, 3),
(1320, 252, 4),
(1320, 404, 6),
(1320, 466, 3),
(1320, 484, 6),
(1320, 564, 3),
(1320, 664, 2),
(1320, 684, 2),
(1320, 744, 4),
(1320, 824, 3),
(1320, 924, 3),
(1325, 253, 4),
(1325, 405, 6),
(1325, 467, 3),
(1325, 485, 6),
(1325, 565, 3),
(1325, 665, 3),
(1325, 685, 6),
(1325, 745, 3),
(1325, 825, 6),
(1325, 925, 5),
(1330, 254, 6),
(1330, 406, 6),
(1330, 468, 6),
(1330, 486, 4),
(1330, 566, 2),
(1330, 666, 2),
(1330, 686, 3),
(1330, 746, 2),
(1330, 826, 3),
(1330, 926, 5),
(1335, 255, 5),
(1335, 407, 5),
(1335, 469, 3),
(1335, 487, 4),
(1335, 567, 2),
(1335, 667, 3),
(1335, 687, 6),
(1335, 747, 4),
(1335, 827, 6),
(1335, 927, 4),
(1340, 256, 4),
(1340, 408, 6),
(1340, 470, 3),
(1340, 488, 6),
(1340, 568, 3),
(1340, 668, 4),
(1340, 688, 3),
(1340, 748, 4),
(1340, 828, 4),
(1340, 928, 3),
(1345, 257, 6),
(1345, 409, 4),
(1345, 471, 4),
(1345, 489, 2),
(1345, 569, 3),
(1345, 669, 2),
(1345, 689, 2),
(1345, 749, 5),
(1345, 829, 4),
(1345, 929, 6),
(1350, 258, 6),
(1350, 410, 2),
(1350, 472, 3),
(1350, 490, 4),
(1350, 570, 4),
(1350, 670, 3),
(1350, 690, 6),
(1350, 750, 6),
(1350, 830, 4),
(1350, 930, 5),
(1355, 259, 5),
(1355, 411, 4),
(1355, 473, 5),
(1355, 491, 2),
(1355, 571, 3),
(1355, 671, 2),
(1355, 691, 4),
(1355, 751, 2),
(1355, 831, 5),
(1355, 931, 5),
(1360, 260, 5),
(1360, 412, 4),
(1360, 474, 3),
(1360, 492, 2),
(1360, 572, 4),
(1360, 672, 4),
(1360, 692, 6),
(1360, 752, 4),
(1360, 832, 3),
(1360, 932, 4),
(1365, 261, 6),
(1365, 413, 5),
(1365, 475, 5),
(1365, 493, 5),
(1365, 573, 2),
(1365, 673, 2),
(1365, 693, 4),
(1365, 753, 2),
(1365, 833, 4),
(1365, 933, 6),
(1370, 262, 6),
(1370, 414, 4),
(1370, 476, 4),
(1370, 494, 5),
(1370, 574, 3),
(1370, 674, 3),
(1370, 694, 6),
(1370, 754, 6),
(1370, 834, 4),
(1370, 934, 6),
(1375, 263, 4),
(1375, 415, 3),
(1375, 477, 5),
(1375, 495, 6),
(1375, 575, 4),
(1375, 675, 3),
(1375, 695, 5),
(1375, 755, 6),
(1375, 835, 6),
(1375, 935, 4),
(1380, 264, 5),
(1380, 416, 5),
(1380, 478, 6),
(1380, 496, 2),
(1380, 576, 4),
(1380, 676, 2),
(1380, 696, 4),
(1380, 756, 4),
(1380, 836, 6),
(1380, 936, 3),
(1385, 265, 4),
(1385, 417, 3),
(1385, 479, 3),
(1385, 497, 4),
(1385, 577, 3),
(1385, 677, 2),
(1385, 697, 2),
(1385, 757, 3),
(1385, 837, 3),
(1385, 937, 2),
(1390, 266, 5),
(1390, 418, 5),
(1390, 480, 4),
(1390, 498, 6),
(1390, 578, 4),
(1390, 678, 4),
(1390, 698, 2),
(1390, 758, 4),
(1390, 838, 3),
(1390, 938, 4),
(1395, 267, 6),
(1395, 419, 2),
(1395, 481, 2),
(1395, 499, 6),
(1395, 579, 4),
(1395, 679, 2),
(1395, 699, 4),
(1395, 759, 3),
(1395, 839, 4),
(1395, 939, 4),
(1400, 268, 5),
(1400, 420, 3),
(1400, 482, 3),
(1400, 580, 3),
(1400, 680, 4),
(1400, 700, 2),
(1400, 760, 6),
(1400, 840, 2),
(1400, 940, 6),
(1405, 269, 6),
(1405, 421, 4),
(1405, 483, 2),
(1405, 581, 3),
(1405, 681, 2),
(1405, 701, 3),
(1405, 761, 4),
(1405, 841, 2),
(1405, 941, 6),
(1410, 270, 6),
(1410, 422, 2),
(1410, 484, 2),
(1410, 582, 2),
(1410, 682, 4),
(1410, 702, 3),
(1410, 762, 5),
(1410, 842, 6),
(1410, 942, 6),
(1415, 271, 4),
(1415, 423, 3),
(1415, 485, 2),
(1415, 583, 2),
(1415, 683, 4),
(1415, 703, 2),
(1415, 763, 3),
(1415, 843, 4),
(1415, 943, 4),
(1420, 272, 5),
(1420, 424, 4),
(1420, 486, 4),
(1420, 584, 2),
(1420, 684, 2),
(1420, 704, 4),
(1420, 764, 3),
(1420, 844, 2),
(1420, 944, 2),
(1425, 273, 4),
(1425, 425, 2),
(1425, 487, 6),
(1425, 585, 4),
(1425, 685, 2),
(1425, 705, 4),
(1425, 765, 2),
(1425, 845, 2),
(1425, 945, 6),
(1430, 274, 4),
(1430, 426, 4),
(1430, 488, 3),
(1430, 586, 4),
(1430, 686, 3),
(1430, 706, 2),
(1430, 766, 3),
(1430, 846, 6),
(1430, 946, 2),
(1435, 275, 6),
(1435, 427, 2),
(1435, 489, 3),
(1435, 587, 4),
(1435, 687, 3),
(1435, 707, 3),
(1435, 767, 5),
(1435, 847, 6),
(1435, 947, 2),
(1440, 276, 5),
(1440, 428, 2),
(1440, 490, 4),
(1440, 588, 4),
(1440, 688, 2),
(1440, 708, 2),
(1440, 768, 6),
(1440, 848, 3),
(1440, 948, 2),
(1445, 277, 4),
(1445, 429, 2),
(1445, 491, 6),
(1445, 589, 3),
(1445, 689, 4),
(1445, 709, 4),
(1445, 769, 6),
(1445, 849, 5),
(1445, 949, 5),
(1450, 278, 5),
(1450, 430, 2),
(1450, 492, 6),
(1450, 590, 3),
(1450, 690, 2),
(1450, 710, 2),
(1450, 770, 3),
(1450, 850, 3),
(1450, 950, 6),
(1455, 279, 6),
(1455, 431, 2),
(1455, 493, 4),
(1455, 591, 4),
(1455, 691, 3),
(1455, 711, 2),
(1455, 771, 6),
(1455, 851, 6),
(1455, 951, 5),
(1460, 280, 6),
(1460, 432, 3),
(1460, 494, 3),
(1460, 592, 2),
(1460, 692, 3),
(1460, 712, 3),
(1460, 772, 5),
(1460, 852, 2),
(1460, 952, 4),
(1465, 281, 4),
(1465, 433, 3),
(1465, 495, 6),
(1465, 593, 2),
(1465, 693, 4),
(1465, 713, 2),
(1465, 773, 4),
(1465, 853, 4),
(1465, 953, 2),
(1470, 282, 4),
(1470, 434, 2),
(1470, 496, 2),
(1470, 594, 4),
(1470, 694, 2),
(1470, 714, 3),
(1470, 774, 2),
(1470, 854, 6),
(1470, 954, 3),
(1475, 283, 6),
(1475, 435, 4),
(1475, 497, 4),
(1475, 595, 4),
(1475, 695, 4),
(1475, 715, 2),
(1475, 775, 4),
(1475, 855, 3),
(1475, 955, 4),
(1480, 284, 5),
(1480, 436, 6),
(1480, 498, 6),
(1480, 596, 2),
(1480, 696, 4),
(1480, 716, 2),
(1480, 776, 2),
(1480, 856, 6),
(1480, 956, 4),
(1485, 285, 4),
(1485, 437, 3),
(1485, 499, 6),
(1485, 597, 2),
(1485, 697, 4),
(1485, 717, 4),
(1485, 777, 5),
(1485, 857, 2),
(1485, 957, 3),
(1490, 286, 4),
(1490, 438, 6),
(1490, 598, 4),
(1490, 698, 3),
(1490, 718, 3),
(1490, 778, 6),
(1490, 858, 4),
(1490, 958, 4),
(1495, 287, 6),
(1495, 439, 6),
(1495, 599, 4),
(1495, 699, 4),
(1495, 719, 2),
(1495, 779, 4),
(1495, 859, 6),
(1495, 959, 5),
(1500, 200, 5),
(1500, 288, 6),
(1500, 440, 3),
(1500, 500, 2),
(1500, 720, 2),
(1500, 780, 4),
(1500, 860, 6),
(1500, 960, 3),
(1505, 201, 6),
(1505, 289, 5),
(1505, 441, 2),
(1505, 501, 3),
(1505, 721, 4),
(1505, 781, 5),
(1505, 861, 5),
(1505, 961, 6),
(1510, 202, 4),
(1510, 290, 5),
(1510, 442, 2),
(1510, 502, 6),
(1510, 722, 2),
(1510, 782, 5),
(1510, 862, 3),
(1510, 962, 4),
(1515, 203, 6),
(1515, 291, 4),
(1515, 443, 2),
(1515, 503, 2),
(1515, 723, 3),
(1515, 783, 2),
(1515, 863, 3),
(1515, 963, 2),
(1520, 204, 6),
(1520, 292, 6),
(1520, 444, 2),
(1520, 504, 2),
(1520, 724, 3),
(1520, 784, 6),
(1520, 864, 4),
(1520, 964, 2),
(1525, 205, 2),
(1525, 293, 6),
(1525, 445, 4),
(1525, 505, 2),
(1525, 725, 2),
(1525, 785, 6),
(1525, 865, 4),
(1525, 965, 2),
(1530, 206, 6),
(1530, 294, 5),
(1530, 446, 6),
(1530, 506, 5),
(1530, 726, 3),
(1530, 786, 3),
(1530, 866, 2),
(1530, 966, 5),
(1535, 207, 5),
(1535, 295, 4),
(1535, 447, 2),
(1535, 507, 3),
(1535, 727, 2),
(1535, 787, 2),
(1535, 867, 6),
(1535, 967, 4),
(1540, 208, 3),
(1540, 296, 5),
(1540, 448, 5),
(1540, 508, 5),
(1540, 728, 4),
(1540, 788, 4),
(1540, 868, 6),
(1540, 968, 6),
(1545, 209, 5),
(1545, 297, 6),
(1545, 449, 2),
(1545, 509, 6),
(1545, 729, 2),
(1545, 789, 3),
(1545, 869, 5),
(1545, 969, 6),
(1550, 210, 2),
(1550, 298, 4),
(1550, 450, 3),
(1550, 510, 3),
(1550, 730, 4),
(1550, 790, 5),
(1550, 870, 4),
(1550, 970, 6),
(1555, 211, 3),
(1555, 299, 5),
(1555, 451, 4),
(1555, 511, 5),
(1555, 731, 4),
(1555, 791, 5),
(1555, 871, 5),
(1555, 971, 3),
(1560, 212, 3),
(1560, 300, 6),
(1560, 452, 6),
(1560, 512, 3),
(1560, 732, 4),
(1560, 792, 6),
(1560, 872, 6),
(1560, 972, 4),
(1565, 213, 4),
(1565, 301, 6),
(1565, 453, 3),
(1565, 513, 5),
(1565, 733, 4),
(1565, 793, 5),
(1565, 873, 4),
(1565, 973, 6),
(1570, 214, 2),
(1570, 302, 4),
(1570, 454, 3),
(1570, 514, 2),
(1570, 734, 4),
(1570, 794, 5),
(1570, 874, 5),
(1570, 974, 2),
(1575, 215, 3),
(1575, 303, 4),
(1575, 455, 6),
(1575, 515, 3),
(1575, 735, 4),
(1575, 795, 5),
(1575, 875, 4),
(1575, 975, 6),
(1580, 216, 4),
(1580, 304, 6),
(1580, 456, 5),
(1580, 516, 5),
(1580, 736, 2),
(1580, 796, 6),
(1580, 876, 3),
(1580, 976, 2),
(1585, 217, 3),
(1585, 305, 6),
(1585, 457, 3),
(1585, 517, 3),
(1585, 737, 2),
(1585, 797, 6),
(1585, 877, 4),
(1585, 977, 2),
(1590, 218, 6),
(1590, 306, 5),
(1590, 458, 2),
(1590, 518, 5),
(1590, 738, 2),
(1590, 798, 2),
(1590, 878, 6),
(1590, 978, 6),
(1595, 219, 4),
(1595, 307, 5),
(1595, 459, 4),
(1595, 519, 4),
(1595, 739, 3),
(1595, 799, 2),
(1595, 879, 2),
(1595, 979, 5),
(1600, 220, 5),
(1600, 308, 5),
(1600, 460, 4),
(1600, 520, 2),
(1600, 740, 2),
(1600, 880, 6),
(1600, 980, 3),
(1605, 221, 4),
(1605, 309, 5),
(1605, 461, 4),
(1605, 521, 3),
(1605, 741, 4),
(1605, 881, 6),
(1605, 981, 4),
(1610, 222, 2),
(1610, 310, 4),
(1610, 462, 2),
(1610, 522, 5),
(1610, 742, 2),
(1610, 882, 2),
(1610, 982, 2),
(1615, 223, 5),
(1615, 311, 4),
(1615, 463, 6),
(1615, 523, 4),
(1615, 743, 4),
(1615, 883, 2),
(1615, 983, 5),
(1620, 224, 5),
(1620, 312, 6),
(1620, 464, 6),
(1620, 524, 5),
(1620, 744, 3),
(1620, 884, 5),
(1620, 984, 5),
(1625, 225, 6),
(1625, 313, 6),
(1625, 465, 4),
(1625, 525, 4),
(1625, 745, 4),
(1625, 885, 3),
(1625, 985, 5),
(1630, 226, 5),
(1630, 314, 5),
(1630, 466, 4),
(1630, 526, 4),
(1630, 746, 2),
(1630, 886, 5),
(1630, 986, 4),
(1635, 227, 5),
(1635, 315, 5),
(1635, 467, 2),
(1635, 527, 5),
(1635, 747, 4),
(1635, 887, 6),
(1635, 987, 3),
(1640, 228, 2),
(1640, 316, 5),
(1640, 468, 3),
(1640, 528, 2),
(1640, 748, 4),
(1640, 888, 4),
(1640, 988, 6),
(1645, 229, 3),
(1645, 317, 4),
(1645, 469, 2),
(1645, 529, 6),
(1645, 749, 4),
(1645, 889, 6),
(1645, 989, 4),
(1650, 230, 5),
(1650, 318, 6),
(1650, 470, 6),
(1650, 530, 4),
(1650, 750, 2),
(1650, 890, 4),
(1650, 990, 6),
(1655, 231, 2),
(1655, 319, 6),
(1655, 471, 2),
(1655, 531, 3),
(1655, 751, 4),
(1655, 891, 2),
(1655, 991, 6),
(1660, 232, 5),
(1660, 320, 6),
(1660, 472, 3),
(1660, 532, 5),
(1660, 752, 4),
(1660, 892, 4),
(1660, 992, 3),
(1665, 233, 5),
(1665, 321, 6),
(1665, 473, 5),
(1665, 533, 5),
(1665, 753, 2),
(1665, 893, 2),
(1665, 993, 2),
(1670, 234, 6),
(1670, 322, 4),
(1670, 474, 2),
(1670, 534, 2),
(1670, 754, 3),
(1670, 894, 2),
(1670, 994, 3),
(1675, 235, 3),
(1675, 323, 4),
(1675, 475, 5),
(1675, 535, 2),
(1675, 755, 2),
(1675, 895, 5),
(1675, 995, 2),
(1680, 236, 5),
(1680, 324, 5),
(1680, 476, 6),
(1680, 536, 5),
(1680, 756, 3),
(1680, 896, 2),
(1680, 996, 5),
(1685, 237, 4),
(1685, 325, 5),
(1685, 477, 6),
(1685, 537, 6),
(1685, 757, 2),
(1685, 897, 4),
(1685, 997, 3),
(1690, 238, 4),
(1690, 326, 5),
(1690, 478, 4),
(1690, 538, 6),
(1690, 758, 4),
(1690, 898, 3),
(1690, 998, 6),
(1695, 239, 2),
(1695, 327, 5),
(1695, 479, 6),
(1695, 539, 2),
(1695, 759, 3),
(1695, 899, 5),
(1695, 999, 4),
(1700, 10, 3),
(1700, 50, 6),
(1700, 240, 5),
(1700, 328, 4),
(1700, 480, 6),
(1700, 540, 3),
(1700, 760, 4),
(1705, 11, 6),
(1705, 51, 3),
(1705, 241, 3),
(1705, 329, 5),
(1705, 481, 5),
(1705, 541, 6),
(1705, 761, 4),
(1710, 12, 5),
(1710, 52, 6),
(1710, 242, 3),
(1710, 330, 6),
(1710, 482, 6),
(1710, 542, 2),
(1710, 762, 3),
(1715, 13, 6),
(1715, 53, 4),
(1715, 243, 5),
(1715, 331, 5),
(1715, 483, 2),
(1715, 543, 4),
(1715, 763, 4),
(1720, 14, 2),
(1720, 54, 3),
(1720, 244, 4),
(1720, 332, 5),
(1720, 484, 3),
(1720, 544, 5),
(1720, 764, 4),
(1725, 15, 6),
(1725, 55, 2),
(1725, 245, 4),
(1725, 333, 4),
(1725, 485, 6),
(1725, 545, 6),
(1725, 765, 2),
(1730, 16, 2),
(1730, 56, 4),
(1730, 246, 2),
(1730, 334, 5),
(1730, 486, 6),
(1730, 546, 6),
(1730, 766, 4),
(1735, 17, 6),
(1735, 57, 6),
(1735, 247, 5),
(1735, 335, 4),
(1735, 487, 4),
(1735, 547, 4),
(1735, 767, 4),
(1740, 18, 4),
(1740, 58, 5),
(1740, 248, 2),
(1740, 336, 6),
(1740, 488, 6),
(1740, 548, 2),
(1740, 768, 3),
(1745, 19, 2),
(1745, 59, 5),
(1745, 249, 3),
(1745, 337, 6),
(1745, 489, 3),
(1745, 549, 2),
(1745, 769, 2),
(1750, 20, 3),
(1750, 60, 2),
(1750, 250, 3),
(1750, 338, 5),
(1750, 490, 6),
(1750, 550, 2),
(1750, 770, 3),
(1755, 21, 6),
(1755, 61, 5),
(1755, 251, 3),
(1755, 339, 5),
(1755, 491, 2),
(1755, 551, 6),
(1755, 771, 3),
(1760, 22, 6),
(1760, 62, 5),
(1760, 252, 3),
(1760, 340, 6),
(1760, 492, 4),
(1760, 552, 4),
(1760, 772, 4),
(1765, 23, 3),
(1765, 63, 4),
(1765, 253, 5),
(1765, 341, 5),
(1765, 493, 4),
(1765, 553, 5),
(1765, 773, 2),
(1770, 24, 2),
(1770, 64, 3),
(1770, 254, 3),
(1770, 342, 6),
(1770, 494, 2),
(1770, 554, 5),
(1770, 774, 3),
(1775, 25, 6),
(1775, 65, 4),
(1775, 255, 6),
(1775, 343, 5),
(1775, 495, 6),
(1775, 555, 3),
(1775, 775, 2),
(1780, 26, 6),
(1780, 66, 4),
(1780, 256, 2),
(1780, 344, 5),
(1780, 496, 4),
(1780, 556, 5),
(1780, 776, 4),
(1785, 27, 6),
(1785, 67, 5),
(1785, 257, 6),
(1785, 345, 5),
(1785, 497, 3),
(1785, 557, 4),
(1785, 777, 3),
(1790, 28, 3),
(1790, 68, 4),
(1790, 258, 2),
(1790, 346, 6),
(1790, 498, 6),
(1790, 558, 3),
(1790, 778, 2),
(1795, 29, 6),
(1795, 69, 2),
(1795, 259, 4),
(1795, 347, 6),
(1795, 499, 3),
(1795, 559, 5),
(1795, 779, 2),
(1800, 30, 5),
(1800, 70, 3),
(1800, 260, 3),
(1800, 348, 6),
(1800, 560, 2),
(1800, 780, 4),
(1805, 31, 6),
(1805, 71, 5),
(1805, 261, 2),
(1805, 349, 4),
(1805, 561, 5),
(1805, 781, 3),
(1810, 32, 3),
(1810, 72, 4),
(1810, 262, 2),
(1810, 350, 5),
(1810, 562, 6),
(1810, 782, 2),
(1815, 33, 3),
(1815, 73, 2),
(1815, 263, 6),
(1815, 351, 6),
(1815, 563, 4),
(1815, 783, 3),
(1820, 34, 3),
(1820, 74, 6),
(1820, 264, 2),
(1820, 352, 4),
(1820, 564, 5),
(1820, 784, 3),
(1825, 35, 4),
(1825, 75, 4),
(1825, 265, 3),
(1825, 353, 5),
(1825, 565, 3),
(1825, 785, 4),
(1830, 36, 2),
(1830, 76, 2),
(1830, 266, 2),
(1830, 354, 5),
(1830, 566, 5),
(1830, 786, 3),
(1835, 37, 6),
(1835, 77, 4),
(1835, 267, 6),
(1835, 355, 6),
(1835, 567, 5),
(1835, 787, 2),
(1840, 38, 5),
(1840, 78, 3),
(1840, 268, 3),
(1840, 356, 4),
(1840, 568, 2),
(1840, 788, 2),
(1845, 39, 2),
(1845, 79, 5),
(1845, 269, 5),
(1845, 357, 6),
(1845, 569, 2),
(1845, 789, 2),
(1850, 40, 2),
(1850, 80, 2),
(1850, 270, 3),
(1850, 358, 4),
(1850, 570, 3),
(1850, 790, 3),
(1855, 41, 3),
(1855, 81, 5),
(1855, 271, 5),
(1855, 359, 5),
(1855, 571, 3),
(1855, 791, 2),
(1860, 42, 3),
(1860, 82, 5),
(1860, 272, 5),
(1860, 360, 5),
(1860, 572, 3),
(1860, 792, 3),
(1865, 43, 3),
(1865, 83, 6),
(1865, 273, 4),
(1865, 361, 6),
(1865, 573, 6),
(1865, 793, 3),
(1870, 44, 4),
(1870, 84, 2),
(1870, 274, 6),
(1870, 362, 4),
(1870, 574, 2),
(1870, 794, 4),
(1875, 45, 4),
(1875, 85, 5),
(1875, 275, 4),
(1875, 363, 6),
(1875, 575, 3),
(1875, 795, 2),
(1880, 46, 3),
(1880, 86, 4),
(1880, 276, 4),
(1880, 364, 6),
(1880, 576, 4),
(1880, 796, 3),
(1885, 47, 3),
(1885, 87, 4),
(1885, 277, 3),
(1885, 365, 6),
(1885, 577, 2),
(1885, 797, 2),
(1890, 48, 3),
(1890, 88, 5),
(1890, 278, 6),
(1890, 366, 5),
(1890, 578, 4),
(1890, 798, 2),
(1895, 49, 6),
(1895, 89, 2),
(1895, 279, 3),
(1895, 367, 4),
(1895, 579, 5),
(1895, 799, 2),
(1900, 50, 3),
(1900, 90, 3),
(1900, 280, 2),
(1900, 368, 5),
(1900, 580, 5),
(1905, 51, 5),
(1905, 91, 6),
(1905, 281, 6),
(1905, 369, 5),
(1905, 581, 3),
(1910, 52, 5),
(1910, 92, 5),
(1910, 282, 5),
(1910, 370, 4),
(1910, 582, 6),
(1915, 53, 5),
(1915, 93, 6),
(1915, 283, 4),
(1915, 371, 6),
(1915, 583, 6),
(1920, 54, 5),
(1920, 94, 6),
(1920, 284, 2),
(1920, 372, 5),
(1920, 584, 4),
(1925, 55, 2),
(1925, 95, 6),
(1925, 285, 2),
(1925, 373, 5),
(1925, 585, 5),
(1930, 56, 3),
(1930, 96, 3),
(1930, 286, 6),
(1930, 374, 5),
(1930, 586, 2),
(1935, 57, 3),
(1935, 97, 5),
(1935, 287, 2),
(1935, 375, 6),
(1935, 587, 6),
(1940, 58, 2),
(1940, 98, 2),
(1940, 288, 5),
(1940, 376, 4),
(1940, 588, 3),
(1945, 59, 4),
(1945, 99, 6),
(1945, 289, 3),
(1945, 377, 6),
(1945, 589, 3),
(1950, 60, 3),
(1950, 100, 4),
(1950, 290, 4),
(1950, 378, 6),
(1950, 590, 6),
(1955, 61, 6),
(1955, 101, 2),
(1955, 291, 2),
(1955, 379, 4),
(1955, 591, 2),
(1960, 62, 2),
(1960, 102, 5),
(1960, 292, 6),
(1960, 380, 4),
(1960, 592, 2),
(1965, 63, 6),
(1965, 103, 6),
(1965, 293, 3),
(1965, 381, 6),
(1965, 593, 6),
(1970, 64, 4),
(1970, 104, 6),
(1970, 294, 2),
(1970, 382, 5),
(1970, 594, 6),
(1975, 65, 3),
(1975, 105, 6),
(1975, 295, 6),
(1975, 383, 4),
(1975, 595, 5),
(1980, 66, 4),
(1980, 106, 2),
(1980, 296, 4),
(1980, 384, 6),
(1980, 596, 2),
(1985, 67, 4),
(1985, 107, 3),
(1985, 297, 3),
(1985, 385, 6),
(1985, 597, 6),
(1990, 68, 5),
(1990, 108, 2),
(1990, 298, 3),
(1990, 386, 5),
(1990, 598, 3),
(1995, 69, 5),
(1995, 109, 6),
(1995, 299, 5),
(1995, 387, 5),
(1995, 599, 4),
(2000, 388, 5);

-- --------------------------------------------------------

--
-- Table structure for table `person`
--

CREATE TABLE `person` (
  `PersonID` int(10) NOT NULL,
  `FirstName` varchar(255) NOT NULL,
  `LastName` varchar(255) NOT NULL,
  `Gender` char(1) NOT NULL,
  `DateOfBirth` varchar(30) DEFAULT NULL
) ENGINE=InnoDB DEFAULT CHARSET=utf8mb4;

--
-- Dumping data for table `person`
--

INSERT INTO `person` (`PersonID`, `FirstName`, `LastName`, `Gender`, `DateOfBirth`) VALUES
(1, 'Lyle', 'Ayala', 'M', '23/03/1980'),
(2, 'Timothy', 'Allison', 'M', '25/07/1986'),
(3, 'Joel', 'Odonnell', 'F', '11/04/1983'),
(4, 'Lance', 'Hayes', 'F', '27/02/1984'),
(5, 'Cassandra', 'Phillips', 'M', '24/06/1985'),
(6, 'Garrison', 'Hinton', 'M', '27/02/1987'),
(7, 'Laura', 'Brady', 'F', '14/08/1987'),
(8, 'Orson', 'Bartlett', 'F', '30/12/1984'),
(9, 'Doris', 'Rodgers', 'M', '14/09/1984'),
(10, 'Lee', 'Harmon', 'F', '10/09/1987'),
(11, 'Angela', 'Pitts', 'F', '20/10/1981'),
(12, 'Judith', 'Potts', 'F', '30/01/1986'),
(13, 'Byron', 'Price', 'M', '28/02/1982'),
(14, 'Lisandra', 'Hughes', 'F', '30/01/1984'),
(15, 'Calista', 'Warner', 'F', '23/10/1984'),
(16, 'Adrienne', 'Carpenter', 'M', '31/05/1986'),
(17, 'Jelani', 'Eaton', 'M', '22/03/1981'),
(18, 'Kimberly', 'Wagner', 'F', '31/10/1982'),
(19, 'Signe', 'Chan', 'M', '31/10/1980'),
(20, 'Wyoming', 'Carney', 'F', '28/04/1982'),
(21, 'Donna', 'Doyle', 'M', '08/10/1985'),
(22, 'Mannix', 'Marsh', 'M', '02/03/1981'),
(23, 'Kerry', 'Goff', 'F', '06/09/1987'),
(24, 'Griffin', 'Hansen', 'F', '05/12/1985'),
(25, 'Chava', 'Kinney', 'F', '28/03/1980'),
(26, 'Shad', 'Doyle', 'M', '22/07/1986'),
(27, 'Shelly', 'Meadows', 'M', '29/08/1983'),
(28, 'Emmanuel', 'Boyd', 'M', '01/01/1984'),
(29, 'Rhea', 'Robbins', 'F', '20/01/1981'),
(30, 'Neil', 'Harrison', 'F', '08/06/1985'),
(31, 'Keely', 'Freeman', 'F', '24/01/1983'),
(32, 'Lunea', 'Peterson', 'F', '25/10/1984'),
(33, 'Brianna', 'Mclaughlin', 'F', '09/10/1984'),
(34, 'Tallulah', 'Spencer', 'F', '17/09/1987'),
(35, 'Jamal', 'Mayo', 'F', '22/12/1985'),
(36, 'Ila', 'Blackburn', 'M', '16/03/1981'),
(37, 'Jada', 'Hodge', 'F', '21/06/1981'),
(38, 'Samantha', 'Marquez', 'M', '22/08/1983'),
(39, 'Gretchen', 'House', 'F', '23/07/1987'),
(40, 'Griffin', 'Henson', 'M', '20/02/1983'),
(41, 'Laura', 'Deleon', 'F', '12/08/1983'),
(42, 'Paki', 'Cabrera', 'F', '18/07/1985'),
(43, 'Anastasia', 'Ewing', 'F', '19/01/1980'),
(44, 'Minerva', 'Stein', 'M', '23/06/1981'),
(45, 'Aaron', 'Ballard', 'F', '28/11/1986'),
(46, 'Benedict', 'Hooper', 'F', '27/01/1982'),
(47, 'Alden', 'Mack', 'M', '26/10/1981'),
(48, 'Maris', 'Cannon', 'F', '10/09/1984'),
(49, 'Indira', 'Herman', 'F', '03/08/1980'),
(50, 'Macon', 'Randolph', 'F', '17/12/1982'),
(51, 'Beck', 'Watkins', 'M', '23/06/1985'),
(52, 'Benedict', 'Estrada', 'M', '12/02/1985'),
(53, 'Morgan', 'Yates', 'M', '07/04/1981'),
(54, 'Zephania', 'Glenn', 'M', '03/11/1981'),
(55, 'Jacob', 'Russo', 'F', '13/01/1980'),
(56, 'Chelsea', 'Burnett', 'F', '20/02/1986'),
(57, 'Fletcher', 'Cooley', 'M', '28/01/1986'),
(58, 'Jada', 'Alston', 'F', '21/11/1987'),
(59, 'Lydia', 'Roy', 'M', '19/10/1987'),
(60, 'Nathan', 'Waller', 'M', '29/07/1982'),
(61, 'Jamalia', 'Watkins', 'F', '10/08/1983'),
(62, 'Athena', 'Jarvis', 'F', '19/08/1982'),
(63, 'Evelyn', 'Byers', 'M', '13/02/1981'),
(64, 'Eagan', 'Cannon', 'M', '18/09/1987'),
(65, 'Luke', 'Bowen', 'M', '07/01/1986'),
(66, 'Laith', 'Buckner', 'F', '19/10/1980'),
(67, 'Emery', 'Aguirre', 'F', '25/09/1986'),
(68, 'Omar', 'Rowe', 'M', '25/11/1986'),
(69, 'Donovan', 'Tran', 'M', '26/01/1981'),
(70, 'Jasmine', 'Kim', 'F', '22/06/1982'),
(71, 'Dominic', 'Quinn', 'M', '05/05/1987'),
(72, 'Devin', 'Shields', 'F', '19/07/1987'),
(73, 'George', 'Crawford', 'M', '08/05/1980'),
(74, 'Fleur', 'Sharp', 'M', '07/05/1980'),
(75, 'Alea', 'Miranda', 'M', '30/03/1984'),
(76, 'Iris', 'Hunt', 'M', '13/09/1985'),
(77, 'Yasir', 'Kent', 'M', '09/03/1986'),
(78, 'Andrew', 'Odonnell', 'M', '26/12/1983'),
(79, 'Dylan', 'Brady', 'F', '24/07/1983'),
(80, 'Marah', 'Ramirez', 'F', '27/06/1986'),
(81, 'Bianca', 'Stevenson', 'M', '13/03/1985'),
(82, 'Lacey', 'Porter', 'M', '29/06/1985'),
(83, 'Shad', 'Austin', 'F', '30/04/1983'),
(84, 'Nicole', 'Joyner', 'M', '05/08/1987'),
(85, 'Chester', 'Townsend', 'F', '01/05/1986'),
(86, 'Raymond', 'Odonnell', 'M', '17/04/1987'),
(87, 'Jack', 'Cole', 'F', '13/03/1986'),
(88, 'Lara', 'Downs', 'M', '31/01/1987'),
(89, 'Elaine', 'Francis', 'M', '02/01/1987'),
(90, 'Shea', 'Oconnor', 'M', '04/06/1984'),
(91, 'Kelly', 'Mcmahon', 'M', '23/10/1981'),
(92, 'Candace', 'Hardin', 'M', '01/10/1981'),
(93, 'Grady', 'Schwartz', 'F', '04/04/1983'),
(94, 'Josephine', 'Cross', 'M', '09/10/1980'),
(95, 'Kyra', 'Tyler', 'M', '25/04/1984'),
(96, 'Nerea', 'Pate', 'M', '13/01/1986'),
(97, 'Michael', 'Rivers', 'F', '29/11/1982'),
(98, 'Derek', 'Tanner', 'M', '17/07/1985'),
(99, 'Irene', 'Stokes', 'M', '07/06/1984'),
(100, 'Leandra', 'Gillespie', 'F', '06/06/1982'),
(101, 'Risa', 'Joyner', 'F', '24/10/1981'),
(102, 'Sarah', 'Herrera', 'F', '25/03/1986'),
(103, 'Orson', 'Bennett', 'F', '28/07/1980'),
(104, 'Dakota', 'Hammond', 'F', '04/02/1989'),
(105, 'Constance', 'Montoya', 'M', '15/03/1985'),
(106, 'Imogene', 'Murray', 'M', '02/11/1985'),
(107, 'Ashely', 'Russo', 'M', '24/11/1987'),
(108, 'Tara', 'Higgins', 'M', '12/12/1988'),
(109, 'Dahlia', 'Mcclure', 'F', '22/09/1988'),
(110, 'Bruce', 'Melendez', 'F', '27/11/1984'),
(111, 'Meredith', 'Barrera', 'F', '15/06/1986'),
(112, 'Alma', 'Holmes', 'F', '23/09/1988'),
(113, 'MacKensie', 'West', 'M', '21/09/1981'),
(114, 'Ronan', 'Molina', 'F', '10/08/1987'),
(115, 'Julian', 'Franklin', 'F', '29/09/1984'),
(116, 'Lionel', 'Holder', 'M', '02/04/1988'),
(117, 'Hadassah', 'Meadows', 'M', '29/08/1982'),
(118, 'Andrew', 'Wheeler', 'F', '27/08/1983'),
(119, 'Carter', 'Ratliff', 'M', '25/02/1983'),
(120, 'Wanda', 'Greene', 'M', '12/09/1981'),
(121, 'Oscar', 'Douglas', 'F', '23/06/1987'),
(122, 'Cally', 'Washington', 'M', '11/12/1988'),
(123, 'Carissa', 'Hughes', 'M', '14/03/1985'),
(124, 'Nathan', 'Sandoval', 'F', '22/05/1980'),
(125, 'Norman', 'Nolan', 'M', '11/09/1984'),
(126, 'Hollee', 'Nunez', 'F', '17/01/1988'),
(127, 'Virginia', 'Lynch', 'F', '09/06/1985'),
(128, 'Talon', 'Ryan', 'M', '05/03/1987'),
(129, 'Brett', 'Mcmahon', 'F', '10/10/1985'),
(130, 'Aurora', 'Atkins', 'M', '09/12/1980'),
(131, 'Price', 'Blanchard', 'M', '05/04/1982'),
(132, 'Aphrodite', 'Ramirez', 'F', '25/01/1980'),
(133, 'Phelan', 'Ingram', 'M', '10/09/1983'),
(134, 'Deanna', 'Patrick', 'M', '03/05/1987'),
(135, 'Macaulay', 'Horne', 'M', '03/10/1980'),
(136, 'Aileen', 'Wallace', 'M', '14/11/1986'),
(137, 'Azalia', 'Carver', 'M', '17/02/1986'),
(138, 'Ryan', 'Strong', 'F', '06/04/1987'),
(139, 'Wayne', 'Prince', 'M', '25/09/1989'),
(140, 'Tanner', 'Schwartz', 'F', '13/07/1981'),
(141, 'Otto', 'Cooley', 'F', '20/03/1985'),
(142, 'Gregory', 'Schultz', 'M', '12/01/1982'),
(143, 'Christine', 'Solis', 'M', '31/10/1981'),
(144, 'Kaitlin', 'Soto', 'F', '05/05/1983'),
(145, 'Kathleen', 'Salazar', 'M', '17/08/1981'),
(146, 'Roth', 'Goff', 'M', '05/04/1989'),
(147, 'Cameron', 'Reilly', 'F', '25/01/1984'),
(148, 'Vivian', 'Henry', 'M', '04/10/1985'),
(149, 'Clementine', 'Herman', 'F', '17/09/1983'),
(150, 'Taylor', 'Smith', 'M', '27/07/1982'),
(151, 'Leo', 'Shelton', 'F', '20/04/1981'),
(152, 'Daquan', 'Atkinson', 'F', '11/11/1982'),
(153, 'Kelly', 'Wright', 'M', '13/10/1981'),
(154, 'Devin', 'Mcfarland', 'M', '10/01/1983'),
(155, 'Quintessa', 'Martinez', 'F', '06/12/1982'),
(156, 'Arsenio', 'Sellers', 'F', '29/05/1989'),
(157, 'Casey', 'Salinas', 'M', '15/01/1987'),
(158, 'Brandon', 'Hammond', 'F', '24/04/1980'),
(159, 'Lunea', 'Chambers', 'F', '06/09/1980'),
(160, 'Gay', 'Tate', 'M', '02/04/1989'),
(161, 'Palmer', 'Underwood', 'F', '04/01/1986'),
(162, 'Chloe', 'Dudley', 'M', '31/01/1986'),
(163, 'Teegan', 'Bradshaw', 'F', '30/12/1981'),
(164, 'Amal', 'Hendricks', 'M', '09/10/1989'),
(165, 'Mia', 'Ellison', 'M', '08/04/1986'),
(166, 'Ulysses', 'Talley', 'M', '24/01/1982'),
(167, 'Aline', 'Bond', 'M', '03/06/1981'),
(168, 'Kieran', 'Gould', 'F', '03/04/1982'),
(169, 'Sawyer', 'Thompson', 'F', '01/11/1981'),
(170, 'Kirestin', 'Bauer', 'F', '21/11/1988'),
(171, 'Rana', 'Levy', 'M', '28/11/1988'),
(172, 'Mercedes', 'Sutton', 'M', '15/05/1989'),
(173, 'Erasmus', 'Juarez', 'M', '06/06/1982'),
(174, 'Adria', 'Murray', 'F', '18/12/1981'),
(175, 'Prescott', 'Case', 'F', '17/09/1988'),
(176, 'Aurora', 'Fernandez', 'M', '04/06/1986'),
(177, 'Holly', 'Bartlett', 'M', '31/03/1980'),
(178, 'Macey', 'Foreman', 'F', '05/03/1984'),
(179, 'Quin', 'Willis', 'M', '25/12/1987'),
(180, 'Quemby', 'Mcmillan', 'M', '30/01/1988'),
(181, 'Preston', 'Kirby', 'F', '11/12/1987'),
(182, 'Ariel', 'Slater', 'F', '08/09/1980'),
(183, 'Sydnee', 'Randall', 'F', '02/05/1986'),
(184, 'Grant', 'Caldwell', 'M', '19/12/1985'),
(185, 'Quon', 'Hendrix', 'M', '07/02/1984'),
(186, 'Theodore', 'Marshall', 'F', '13/07/1987'),
(187, 'Hashim', 'Houston', 'F', '11/03/1987'),
(188, 'Peter', 'Sanchez', 'M', '07/02/1986'),
(189, 'Paula', 'Macdonald', 'M', '29/10/1983'),
(190, 'Aidan', 'William', 'F', '21/08/1988'),
(191, 'Rafael', 'Reese', 'M', '25/08/1982'),
(192, 'Derek', 'Salas', 'F', '18/10/1988'),
(193, 'Clinton', 'Maldonado', 'F', '05/12/1984'),
(194, 'Nicole', 'Valenzuela', 'F', '23/11/1988'),
(195, 'Chancellor', 'Lynn', 'M', '19/12/1984'),
(196, 'Kennedy', 'Talley', 'M', '13/12/1985'),
(197, 'Tatyana', 'Logan', 'F', '06/11/1989'),
(198, 'Barrett', 'Chandler', 'M', '12/01/1986'),
(199, 'MacKensie', 'Rhodes', 'F', '26/10/1981'),
(200, 'Josiah', 'Thornton', 'M', '12/03/1986'),
(201, 'Jameson', 'Mccarty', 'F', '15/08/1983'),
(202, 'Jayme', 'Singleton', 'F', '15/01/1992'),
(203, 'Walter', 'Santos', 'F', '25/10/1988'),
(204, 'Hoyt', 'Powers', 'M', '14/02/1985'),
(205, 'Hammett', 'Hinton', 'M', '09/10/1985'),
(206, 'Hanna', 'Cherry', 'F', '14/11/1983'),
(207, 'Akeem', 'Bernard', 'M', '02/09/1986'),
(208, 'Rashad', 'Greene', 'M', '14/12/1986'),
(209, 'Cadman', 'Guy', 'M', '23/12/1985'),
(210, 'Audra', 'Horn', 'M', '16/11/1986'),
(211, 'Herrod', 'Finley', 'F', '07/09/1992'),
(212, 'Cassandra', 'West', 'M', '04/08/1987'),
(213, 'Aimee', 'Church', 'F', '06/06/1985'),
(214, 'Indira', 'Kent', 'M', '16/03/1983'),
(215, 'Bell', 'Rasmussen', 'F', '10/10/1987'),
(216, 'Ignacia', 'Soto', 'F', '23/04/1991'),
(217, 'Jana', 'Barron', 'M', '15/09/1991'),
(218, 'Chantale', 'Holt', 'M', '23/11/1985'),
(219, 'Hiroko', 'Sherman', 'F', '13/10/1991'),
(220, 'Casey', 'Erickson', 'F', '27/07/1993'),
(221, 'Alisa', 'Nelson', 'M', '03/01/1988'),
(222, 'Erich', 'Carey', 'F', '19/11/1990'),
(223, 'Brittany', 'Atkins', 'M', '19/12/1987'),
(224, 'Bruno', 'Kim', 'F', '13/03/1993'),
(225, 'Jarrod', 'Preston', 'M', '19/09/1986'),
(226, 'Wyoming', 'Mcbride', 'M', '07/12/1987'),
(227, 'Kyra', 'Ramos', 'F', '28/04/1987'),
(228, 'Justin', 'Hanson', 'F', '04/10/1982'),
(229, 'Jamal', 'Woodard', 'M', '18/09/1992'),
(230, 'Eric', 'Romero', 'M', '17/11/1991'),
(231, 'Sasha', 'Abbott', 'F', '25/10/1982'),
(232, 'Dustin', 'Witt', 'M', '02/10/1985'),
(233, 'Benjamin', 'Andrews', 'M', '28/03/1985'),
(234, 'Vance', 'King', 'F', '21/06/1992'),
(235, 'Ciara', 'Olson', 'M', '29/01/1988'),
(236, 'Solomon', 'Hanson', 'M', '20/07/1988'),
(237, 'Maxwell', 'Donaldson', 'M', '14/09/1991'),
(238, 'Candace', 'Shaw', 'M', '09/12/1993'),
(239, 'Coby', 'Patton', 'F', '12/09/1989'),
(240, 'Kelsie', 'Evans', 'F', '10/12/1982'),
(241, 'Karina', 'Hess', 'F', '29/01/1992'),
(242, 'Tyrone', 'Morris', 'M', '20/09/1985'),
(243, 'Francis', 'Clark', 'F', '17/01/1991'),
(244, 'Amanda', 'Levine', 'M', '20/01/1991'),
(245, 'Rudyard', 'Tillman', 'M', '30/07/1989'),
(246, 'Raven', 'Ortega', 'F', '09/05/1993'),
(247, 'Lara', 'Ortiz', 'F', '26/04/1992'),
(248, 'Madonna', 'Sanford', 'F', '20/03/1984'),
(249, 'Timon', 'Drake', 'F', '01/10/1987'),
(250, 'Scarlett', 'Wheeler', 'M', '13/03/1993'),
(251, 'Xavier', 'Hester', 'M', '16/04/1993'),
(252, 'Leo', 'Larsen', 'M', '13/08/1985'),
(253, 'Dominic', 'Clay', 'M', '07/11/1986'),
(254, 'Quail', 'Chang', 'F', '26/08/1992'),
(255, 'Magee', 'Mills', 'F', '18/10/1983'),
(256, 'Cheryl', 'Ayers', 'M', '02/08/1990'),
(257, 'Jenna', 'Barnett', 'M', '04/03/1993'),
(258, 'Ursa', 'Townsend', 'M', '20/03/1986'),
(259, 'Raphael', 'Hahn', 'M', '13/08/1983'),
(260, 'Deacon', 'Myers', 'F', '07/11/1987'),
(261, 'Plato', 'Gentry', 'F', '02/02/1993'),
(262, 'Latifah', 'Hawkins', 'M', '01/09/1988'),
(263, 'Sylvester', 'Holland', 'F', '14/03/1993'),
(264, 'Tate', 'Holman', 'F', '28/07/1990'),
(265, 'Devin', 'Landry', 'F', '26/07/1985'),
(266, 'Stuart', 'Patton', 'F', '15/04/1992'),
(267, 'Renee', 'Whitley', 'F', '11/11/1992'),
(268, 'Chancellor', 'Durham', 'F', '11/08/1985'),
(269, 'Gwendolyn', 'Carver', 'M', '04/03/1989'),
(270, 'Tashya', 'Kinney', 'M', '20/07/1993'),
(271, 'Gabriel', 'Barron', 'F', '06/03/1984'),
(272, 'Nathan', 'Colon', 'F', '07/03/1992'),
(273, 'Flynn', 'Green', 'F', '01/02/1982'),
(274, 'Ori', 'Meyers', 'F', '17/02/1989'),
(275, 'Tarik', 'Compton', 'M', '11/10/1991'),
(276, 'Laith', 'Tate', 'F', '25/05/1987'),
(277, 'September', 'Sargent', 'M', '25/06/1982'),
(278, 'Urielle', 'Quinn', 'F', '09/08/1988'),
(279, 'Audrey', 'Barker', 'F', '20/08/1983'),
(280, 'Beau', 'Fulton', 'M', '26/11/1982'),
(281, 'Sonia', 'Wynn', 'M', '18/02/1992'),
(282, 'Megan', 'Levy', 'F', '02/12/1992'),
(283, 'Hyatt', 'Zamora', 'M', '11/05/1991'),
(284, 'Lynn', 'Ramirez', 'M', '03/11/1990'),
(285, 'Erin', 'Mueller', 'F', '25/02/1983'),
(286, 'Catherine', 'Beck', 'M', '28/12/1987'),
(287, 'Dara', 'Weiss', 'F', '24/03/1985'),
(288, 'Sawyer', 'Simpson', 'F', '25/07/1982'),
(289, 'Dara', 'Fox', 'F', '03/02/1987'),
(290, 'Hector', 'Roach', 'M', '14/01/1982'),
(291, 'Hyacinth', 'Bailey', 'M', '15/04/1986'),
(292, 'Arsenio', 'Malone', 'M', '25/09/1993'),
(293, 'Aurelia', 'Wilkerson', 'M', '03/07/1982'),
(294, 'Freya', 'Barker', 'F', '18/06/1982'),
(295, 'Sonia', 'Silva', 'M', '06/04/1990'),
(296, 'Vivien', 'Peterson', 'F', '20/09/1988'),
(297, 'Gavin', 'Barber', 'F', '12/09/1989'),
(298, 'Jakeem', 'Hendricks', 'F', '23/08/1990'),
(299, 'Ali', 'Clemons', 'F', '02/06/1987'),
(300, 'Tiger', 'Ferguson', 'F', '27/11/1982'),
(301, 'Odysseus', 'Odom', 'F', '23/07/1976'),
(302, 'Tarik', 'Booker', 'M', '01/02/1975'),
(303, 'Eden', 'Love', 'M', '10/10/1971'),
(304, 'Dacey', 'Dickson', 'M', '06/02/1978'),
(305, 'Herman', 'Hall', 'F', '22/01/1980'),
(306, 'Brianna', 'Hampton', 'F', '19/06/1981'),
(307, 'Oleg', 'Wheeler', 'F', '10/04/1980'),
(308, 'September', 'Byers', 'M', '25/03/1979'),
(309, 'Levi', 'Hyde', 'F', '31/10/1974'),
(310, 'Lillith', 'Leonard', 'M', '15/08/1981'),
(311, 'Zoe', 'Hester', 'F', '23/12/1981'),
(312, 'Taylor', 'Paul', 'M', '11/09/1970'),
(313, 'Laura', 'Franco', 'F', '09/02/1973'),
(314, 'Madison', 'Downs', 'F', '16/09/1980'),
(315, 'Jerry', 'Sutton', 'M', '24/10/1975'),
(316, 'Mannix', 'Pacheco', 'M', '23/06/1976'),
(317, 'Randall', 'Sloan', 'F', '02/07/1971'),
(318, 'Brody', 'Diaz', 'M', '27/05/1981'),
(319, 'Evelyn', 'Guy', 'F', '08/04/1977'),
(320, 'Renee', 'French', 'F', '18/06/1982'),
(321, 'Aidan', 'Espinoza', 'M', '24/11/1981'),
(322, 'Meredith', 'Wade', 'M', '14/01/1977'),
(323, 'Mason', 'Moody', 'F', '15/01/1972'),
(324, 'Emma', 'Murray', 'F', '27/12/1979'),
(325, 'Kameko', 'Houston', 'F', '14/08/1972'),
(326, 'Alana', 'Cardenas', 'M', '29/01/1970'),
(327, 'Jarrod', 'Franco', 'F', '19/02/1971'),
(328, 'Dana', 'Mitchell', 'F', '26/09/1972'),
(329, 'Beck', 'Paul', 'M', '18/10/1976'),
(330, 'Blake', 'Frye', 'F', '29/03/1980'),
(331, 'Laith', 'Clay', 'F', '18/04/1982'),
(332, 'Sylvester', 'Webster', 'F', '26/09/1975'),
(333, 'Reuben', 'Reed', 'F', '13/02/1978'),
(334, 'Wendy', 'Lambert', 'M', '24/07/1980'),
(335, 'Harrison', 'Koch', 'M', '07/12/1980'),
(336, 'Sasha', 'Graham', 'M', '14/12/1975'),
(337, 'Fay', 'Walters', 'F', '09/05/1981'),
(338, 'Hiroko', 'Huffman', 'F', '14/05/1978'),
(339, 'Grady', 'Paul', 'F', '17/11/1971'),
(340, 'Dominic', 'Watkins', 'F', '31/05/1979'),
(341, 'Thane', 'Morton', 'M', '13/09/1982'),
(342, 'Aimee', 'Floyd', 'F', '06/04/1971'),
(343, 'Aiko', 'Callahan', 'F', '22/01/1977'),
(344, 'Darius', 'Mitchell', 'M', '22/07/1972'),
(345, 'Valentine', 'Hooper', 'M', '17/12/1970'),
(346, 'Hunter', 'Townsend', 'F', '09/10/1971'),
(347, 'Ava', 'Melton', 'F', '03/08/1970'),
(348, 'Zahir', 'Cochran', 'M', '27/08/1978'),
(349, 'Uta', 'Branch', 'M', '10/05/1976'),
(350, 'Marny', 'Chen', 'F', '28/10/1975'),
(351, 'Kyle', 'Walton', 'F', '17/02/1973'),
(352, 'Mannix', 'Vance', 'M', '08/03/1979'),
(353, 'Jacob', 'Evans', 'F', '09/02/1978'),
(354, 'Quinn', 'Mullen', 'F', '15/09/1972'),
(355, 'Tarik', 'Noel', 'M', '05/09/1980'),
(356, 'Penelope', 'Johnson', 'M', '06/03/1981'),
(357, 'Maggy', 'Mcneil', 'F', '28/10/1971'),
(358, 'Teegan', 'Frost', 'M', '06/01/1978'),
(359, 'Yen', 'Thomas', 'M', '13/01/1975'),
(360, 'Chadwick', 'Dillard', 'M', '01/06/1976'),
(361, 'Amela', 'Moody', 'F', '25/01/1975'),
(362, 'Odette', 'Duran', 'M', '10/04/1972'),
(363, 'Bruno', 'Nielsen', 'F', '25/08/1980'),
(364, 'Fredericka', 'Cross', 'M', '07/06/1974'),
(365, 'Irma', 'Velez', 'M', '28/01/1972'),
(366, 'Lunea', 'Davenport', 'F', '13/02/1973'),
(367, 'April', 'Gill', 'F', '27/12/1971'),
(368, 'Hammett', 'Miles', 'M', '27/09/1980'),
(369, 'Mechelle', 'Mccarthy', 'F', '01/08/1978'),
(370, 'Kiara', 'Barr', 'F', '28/04/1981'),
(371, 'Gavin', 'Weber', 'F', '05/08/1978'),
(372, 'September', 'Lamb', 'M', '30/10/1973'),
(373, 'Leandra', 'Calderon', 'M', '30/12/1981'),
(374, 'Rinah', 'Strickland', 'F', '14/05/1972'),
(375, 'Abbot', 'Preston', 'M', '12/12/1975'),
(376, 'Carlos', 'Goodman', 'M', '01/07/1980'),
(377, 'Ezekiel', 'Key', 'F', '18/02/1979'),
(378, 'Hakeem', 'Zimmerman', 'F', '20/03/1975'),
(379, 'Alexis', 'Harrison', 'F', '07/11/1978'),
(380, 'Tana', 'Hooper', 'F', '30/08/1976'),
(381, 'Bethany', 'Gross', 'F', '26/12/1981'),
(382, 'Melinda', 'Wilcox', 'F', '13/05/1971'),
(383, 'Martena', 'Farley', 'F', '29/01/1979'),
(384, 'Cassady', 'Howell', 'M', '09/06/1970'),
(385, 'Cameron', 'Baxter', 'M', '25/08/1973'),
(386, 'Evelyn', 'Booth', 'M', '26/01/1970'),
(387, 'Jarrod', 'Rowland', 'F', '26/08/1973'),
(388, 'Fallon', 'Lynch', 'M', '29/07/1976'),
(389, 'Nehru', 'Boyd', 'M', '01/09/1973'),
(390, 'Dante', 'Fowler', 'F', '05/12/1974'),
(391, 'Hashim', 'Harrison', 'M', '30/05/1970'),
(392, 'Yvonne', 'Solis', 'F', '05/03/1979'),
(393, 'Michelle', 'Clemons', 'F', '10/08/1979'),
(394, 'Yoko', 'Morse', 'M', '12/01/1981'),
(395, 'Uta', 'Middleton', 'M', '19/09/1975'),
(396, 'Lester', 'Nash', 'F', '22/10/1982'),
(397, 'Bree', 'Bush', 'M', '26/10/1970'),
(398, 'Nyssa', 'Levine', 'F', '12/08/1973'),
(399, 'Melvin', 'Dickerson', 'M', '13/11/1972'),
(400, 'Natalie', 'Underwood', 'F', '17/03/1970'),
(401, 'Cleo', 'Daugherty', 'F', '30/01/1977'),
(402, 'Oprah', 'Barber', 'M', '24/03/1976'),
(403, 'Katell', 'Mccoy', 'F', '30/01/1975'),
(404, 'Tanya', 'Powell', 'M', '03/09/1973'),
(405, 'Theodore', 'Ballard', 'M', '05/09/1975'),
(406, 'Akeem', 'Whitfield', 'M', '18/11/1979'),
(407, 'Tatum', 'Brennan', 'F', '18/10/1974'),
(408, 'Phelan', 'Oliver', 'M', '30/12/1972'),
(409, 'Odette', 'Mcdowell', 'F', '02/11/1970'),
(410, 'Harlan', 'Cohen', 'F', '11/09/1980'),
(411, 'Clare', 'Mooney', 'F', '16/03/1980'),
(412, 'Medge', 'Beach', 'M', '20/07/1977'),
(413, 'Bertha', 'Melton', 'M', '26/02/1977'),
(414, 'Hamilton', 'Santana', 'M', '20/10/1982'),
(415, 'Xaviera', 'Donovan', 'M', '02/01/1981'),
(416, 'Zia', 'Bender', 'M', '01/07/1978'),
(417, 'Jordan', 'Alston', 'M', '30/01/1981'),
(418, 'Sylvester', 'Mercer', 'M', '23/07/1979'),
(419, 'Holmes', 'Vazquez', 'M', '07/12/1970'),
(420, 'Giselle', 'Cochran', 'M', '15/06/1973'),
(421, 'Patricia', 'Payne', 'M', '28/09/1982'),
(422, 'Tatum', 'Horne', 'M', '01/03/1970'),
(423, 'Maris', 'Tillman', 'M', '04/06/1982'),
(424, 'Jonah', 'Frank', 'M', '26/05/1974'),
(425, 'Marsden', 'Moran', 'M', '20/08/1982'),
(426, 'Lois', 'Boyd', 'F', '06/02/1976'),
(427, 'September', 'Williams', 'F', '20/05/1982'),
(428, 'Maite', 'Carter', 'F', '10/05/1978'),
(429, 'Tamekah', 'Buckley', 'F', '24/11/1971'),
(430, 'Bell', 'Johns', 'M', '21/10/1972'),
(431, 'Althea', 'Davenport', 'M', '11/07/1975'),
(432, 'Bo', 'Workman', 'F', '24/03/1976'),
(433, 'Kelly', 'Espinoza', 'F', '31/01/1976'),
(434, 'Eliana', 'Duke', 'M', '17/12/1971'),
(435, 'Nola', 'Ratliff', 'F', '03/03/1971'),
(436, 'Evelyn', 'Harding', 'F', '08/02/1981'),
(437, 'Logan', 'Haney', 'M', '12/03/1972'),
(438, 'Priscilla', 'Jackson', 'F', '15/11/1972'),
(439, 'Ruby', 'Barrera', 'M', '28/07/1973'),
(440, 'Buckminster', 'Estrada', 'F', '28/06/1974'),
(441, 'Sylvia', 'Wood', 'F', '05/05/1978'),
(442, 'Leroy', 'Hernandez', 'F', '11/09/1977'),
(443, 'Demetria', 'Odonnell', 'M', '05/02/1981'),
(444, 'Troy', 'Brennan', 'F', '15/08/1981'),
(445, 'Helen', 'Webster', 'F', '09/02/1979'),
(446, 'Melodie', 'Roberts', 'M', '06/03/1973'),
(447, 'Jacob', 'Thomas', 'M', '14/07/1982'),
(448, 'Sonia', 'Porter', 'M', '20/08/1979'),
(449, 'Phillip', 'Mills', 'F', '08/10/1978'),
(450, 'Lenore', 'Ware', 'F', '02/12/1973'),
(451, 'Nyssa', 'Trevino', 'F', '19/01/1976'),
(452, 'Sydnee', 'Johns', 'F', '21/11/1973'),
(453, 'Alexander', 'Navarro', 'F', '28/03/1970'),
(454, 'Neville', 'Glass', 'F', '21/04/1972'),
(455, 'Tanek', 'Munoz', 'F', '08/08/1982'),
(456, 'India', 'Hodge', 'M', '01/02/1977'),
(457, 'Anjolie', 'Wright', 'M', '10/12/1982'),
(458, 'Kylie', 'Estrada', 'F', '30/09/1981'),
(459, 'Montana', 'Wall', 'M', '24/10/1981'),
(460, 'Cynthia', 'Beach', 'M', '22/07/1970'),
(461, 'Tasha', 'Hale', 'M', '24/10/1975'),
(462, 'Dakota', 'Bridges', 'F', '12/06/1982'),
(463, 'Nelle', 'Schroeder', 'F', '02/07/1976'),
(464, 'Alyssa', 'Gentry', 'F', '15/04/1978'),
(465, 'Camille', 'Mooney', 'F', '28/12/1974'),
(466, 'Sage', 'Oliver', 'F', '14/06/1971'),
(467, 'Boris', 'Molina', 'M', '12/12/1976'),
(468, 'Lev', 'Macdonald', 'M', '22/10/1976'),
(469, 'Aubrey', 'Burks', 'F', '17/07/1975'),
(470, 'Boris', 'Meadows', 'M', '30/11/1971'),
(471, 'Kylie', 'Lane', 'F', '10/03/1976'),
(472, 'Sheila', 'Sargent', 'M', '20/10/1971'),
(473, 'Zephania', 'England', 'M', '08/08/1973'),
(474, 'Tarik', 'Benjamin', 'M', '19/06/1976'),
(475, 'Vivian', 'Holland', 'F', '18/02/1974'),
(476, 'Zenaida', 'Mckenzie', 'F', '28/08/1971'),
(477, 'Daryl', 'Cook', 'F', '18/04/1972'),
(478, 'Sloane', 'Gutierrez', 'M', '31/01/1970'),
(479, 'Alisa', 'Bridges', 'M', '28/03/1975'),
(480, 'Alan', 'Alford', 'M', '12/10/1974'),
(481, 'Nero', 'Figueroa', 'F', '23/11/1972'),
(482, 'Tamekah', 'Melton', 'M', '01/01/1973'),
(483, 'Zeus', 'Oneil', 'M', '26/04/1982'),
(484, 'Regina', 'Mcconnell', 'F', '05/10/1971'),
(485, 'Madonna', 'Tanner', 'F', '11/02/1973'),
(486, 'Cullen', 'Vasquez', 'M', '19/02/1972'),
(487, 'Finn', 'Wade', 'M', '02/03/1976'),
(488, 'Nigel', 'Luna', 'M', '20/02/1981'),
(489, 'Galvin', 'Brennan', 'F', '23/12/1982'),
(490, 'Willa', 'Preston', 'M', '30/06/1980'),
(491, 'Tallulah', 'Dodson', 'F', '06/11/1979'),
(492, 'Len', 'Conner', 'M', '12/09/1978'),
(493, 'Ali', 'Bridges', 'F', '09/01/1976'),
(494, 'Rina', 'Greer', 'F', '16/05/1974'),
(495, 'Yuri', 'Adams', 'F', '19/12/1970'),
(496, 'Dante', 'Rush', 'F', '07/08/1977'),
(497, 'Nadine', 'Johnston', 'M', '26/09/1980'),
(498, 'Candice', 'Bryant', 'M', '23/03/1974'),
(499, 'Samson', 'Craft', 'F', '16/02/1970'),
(500, 'Brenda', 'Aguirre', 'F', '25/06/1980'),
(501, 'Vladimir', 'Garza', 'F', '22/04/1982'),
(502, 'Georgia', 'Ross', 'F', '17/12/1989'),
(503, 'Nina', 'Morales', 'M', '22/01/1986'),
(504, 'Gretchen', 'Copeland', 'M', '21/02/1988'),
(505, 'Vance', 'Mccormick', 'F', '30/01/1984'),
(506, 'Lee', 'Hughes', 'F', '14/07/1986'),
(507, 'Emma', 'Henry', 'F', '12/07/1990'),
(508, 'Moses', 'Vance', 'F', '16/12/1986'),
(509, 'Ila', 'Holmes', 'F', '12/09/1993'),
(510, 'Hamish', 'Kaufman', 'M', '12/07/1982'),
(511, 'Tanner', 'Bauer', 'F', '09/10/1988'),
(512, 'Daria', 'Carr', 'M', '15/03/1991'),
(513, 'Burton', 'Obrien', 'F', '09/10/1986'),
(514, 'Cooper', 'Rowland', 'F', '25/11/1983'),
(515, 'Diana', 'Merrill', 'M', '25/08/1990'),
(516, 'Alana', 'Collins', 'M', '04/04/1989'),
(517, 'Tana', 'Beck', 'F', '25/04/1982'),
(518, 'Alexandra', 'Turner', 'F', '26/07/1984'),
(519, 'Zeph', 'Vang', 'F', '05/02/1992'),
(520, 'Keith', 'Watkins', 'F', '10/10/1983'),
(521, 'Lila', 'Aguirre', 'M', '09/06/1988'),
(522, 'Elmo', 'Marquez', 'F', '25/02/1983'),
(523, 'Azalia', 'Mclean', 'F', '12/04/1989'),
(524, 'Erasmus', 'Graves', 'F', '02/07/1988'),
(525, 'Cheyenne', 'Oneal', 'F', '20/02/1985'),
(526, 'Lance', 'Gibbs', 'F', '06/11/1989'),
(527, 'Kamal', 'Knight', 'F', '22/12/1985'),
(528, 'Francesca', 'Sosa', 'F', '07/01/1990'),
(529, 'Miranda', 'Jensen', 'M', '19/06/1990'),
(530, 'Ora', 'Wyatt', 'M', '14/04/1993'),
(531, 'Lillian', 'Estrada', 'F', '22/03/1992'),
(532, 'Pearl', 'Albert', 'M', '04/08/1990'),
(533, 'Chadwick', 'Bryant', 'F', '06/02/1990'),
(534, 'Emi', 'Simpson', 'F', '24/08/1993'),
(535, 'Heather', 'Curtis', 'M', '29/05/1990'),
(536, 'Emi', 'House', 'F', '28/11/1984'),
(537, 'Aaron', 'Hyde', 'F', '27/09/1986'),
(538, 'Illana', 'Park', 'M', '03/05/1982'),
(539, 'Allistair', 'Oneal', 'F', '12/09/1991'),
(540, 'Chaney', 'Kim', 'F', '20/03/1991'),
(541, 'Noel', 'Russell', 'M', '27/08/1986'),
(542, 'Illana', 'Reed', 'F', '18/01/1988'),
(543, 'Darius', 'Barrett', 'F', '19/07/1989'),
(544, 'Tyler', 'Hays', 'M', '28/02/1983'),
(545, 'Iola', 'Mccarty', 'F', '02/09/1984'),
(546, 'Iona', 'Sims', 'F', '12/08/1986'),
(547, 'Ezekiel', 'Frye', 'M', '18/06/1989'),
(548, 'Lesley', 'Singleton', 'M', '16/04/1982'),
(549, 'Igor', 'Gonzales', 'F', '16/11/1989'),
(550, 'Jada', 'Navarro', 'M', '14/06/1982'),
(551, 'Keith', 'Gill', 'M', '23/09/1991'),
(552, 'Nero', 'Riddle', 'F', '27/10/1982'),
(553, 'Whoopi', 'Moran', 'F', '12/02/1987'),
(554, 'Daquan', 'Townsend', 'F', '17/10/1985'),
(555, 'Nita', 'Thornton', 'F', '13/10/1991'),
(556, 'Vaughan', 'Callahan', 'F', '21/03/1987'),
(557, 'Dexter', 'Marks', 'F', '01/09/1983'),
(558, 'Reagan', 'Hensley', 'M', '17/04/1984'),
(559, 'August', 'Henson', 'M', '12/07/1990'),
(560, 'Iona', 'Abbott', 'F', '16/07/1989'),
(561, 'Garth', 'Holden', 'M', '10/01/1992'),
(562, 'Aspen', 'Kramer', 'M', '21/07/1982'),
(563, 'Evangeline', 'Best', 'M', '18/02/1986'),
(564, 'Mariam', 'Yates', 'M', '07/12/1982'),
(565, 'Martin', 'Miller', 'M', '22/09/1988'),
(566, 'Abbot', 'Delgado', 'M', '02/07/1991'),
(567, 'Ezra', 'Phelps', 'M', '23/03/1993'),
(568, 'Anne', 'Kinney', 'F', '19/08/1988'),
(569, 'Cody', 'Baxter', 'M', '06/11/1983'),
(570, 'Howard', 'Greene', 'F', '05/05/1993'),
(571, 'Aretha', 'Lopez', 'F', '28/03/1993'),
(572, 'Neil', 'Chen', 'F', '16/10/1989'),
(573, 'Whitney', 'Benson', 'M', '18/04/1988'),
(574, 'Erasmus', 'Berger', 'M', '07/07/1986'),
(575, 'Michelle', 'Chapman', 'F', '05/01/1991'),
(576, 'Rahim', 'Livingston', 'M', '31/08/1988'),
(577, 'Steel', 'Hebert', 'M', '21/10/1987'),
(578, 'Lani', 'Gillespie', 'M', '08/11/1989'),
(579, 'Quinn', 'Anderson', 'M', '29/05/1986'),
(580, 'Montana', 'Cameron', 'F', '10/05/1992'),
(581, 'Fuller', 'Mcgee', 'M', '20/12/1982'),
(582, 'Sawyer', 'Rocha', 'M', '18/11/1993'),
(583, 'Eden', 'Mcdonald', 'F', '22/04/1988'),
(584, 'Morgan', 'Barrett', 'M', '02/04/1992'),
(585, 'Brett', 'Castro', 'M', '05/08/1990'),
(586, 'Nadine', 'Trujillo', 'M', '29/12/1993'),
(587, 'Joseph', 'Acevedo', 'F', '22/02/1993'),
(588, 'Shoshana', 'Noel', 'F', '20/05/1987'),
(589, 'Maggie', 'Todd', 'M', '13/03/1991'),
(590, 'Rajah', 'Mcmahon', 'F', '18/05/1990'),
(591, 'Quamar', 'Carrillo', 'F', '18/11/1986'),
(592, 'Kylee', 'Simmons', 'F', '02/09/1987'),
(593, 'Solomon', 'Mann', 'F', '21/06/1984'),
(594, 'Lesley', 'Freeman', 'F', '25/11/1985'),
(595, 'Harlan', 'Wolfe', 'F', '20/04/1990'),
(596, 'Marny', 'Jones', 'M', '28/10/1992'),
(597, 'Hector', 'Snider', 'M', '15/06/1982'),
(598, 'Samantha', 'Wise', 'F', '22/11/1985'),
(599, 'Heidi', 'Fields', 'M', '03/04/1986'),
(600, 'Vaughan', 'Curry', 'M', '11/03/1989'),
(601, 'Kevin', 'Stephens', 'M', '15/01/1981'),
(602, 'Illiana', 'Howard', 'M', '30/10/1991'),
(603, 'Kirsten', 'Webb', 'F', '16/03/1981'),
(604, 'Jemima', 'Cleveland', 'F', '19/02/1990'),
(605, 'Margaret', 'Daniel', 'F', '04/08/1982'),
(606, 'Hector', 'Boyer', 'M', '24/04/1983'),
(607, 'Tatum', 'Barr', 'M', '08/10/1984'),
(608, 'Hayes', 'Nixon', 'F', '21/05/1985'),
(609, 'Petra', 'Stout', 'F', '15/01/1984'),
(610, 'Zahir', 'Brewer', 'M', '16/06/1990'),
(611, 'Alice', 'Maxwell', 'M', '14/08/1985'),
(612, 'Craig', 'Savage', 'M', '08/09/1983'),
(613, 'Kermit', 'Miller', 'F', '29/03/1990'),
(614, 'Amanda', 'Patel', 'F', '02/12/1992'),
(615, 'Axel', 'Cooley', 'M', '06/04/1983'),
(616, 'Josephine', 'Cook', 'F', '08/04/1988'),
(617, 'Laurel', 'Hartman', 'M', '24/06/1984'),
(618, 'Blaze', 'Reyes', 'M', '24/05/1986'),
(619, 'Dawn', 'Lawrence', 'F', '09/12/1984'),
(620, 'Marvin', 'Cooley', 'F', '24/03/1987'),
(621, 'Leigh', 'Dillon', 'M', '19/12/1981'),
(622, 'Colorado', 'Beck', 'M', '15/11/1985'),
(623, 'Nerea', 'Ellis', 'F', '01/04/1987'),
(624, 'Brady', 'Pitts', 'F', '19/10/1990'),
(625, 'Kristen', 'Duncan', 'M', '13/02/1981'),
(626, 'Isadora', 'Burt', 'F', '26/04/1988'),
(627, 'Price', 'Neal', 'F', '29/04/1985'),
(628, 'Portia', 'Haney', 'F', '04/04/1992'),
(629, 'Victoria', 'Jordan', 'F', '13/04/1990'),
(630, 'Nicole', 'Webster', 'M', '17/11/1984'),
(631, 'Dahlia', 'Walter', 'F', '23/05/1991'),
(632, 'George', 'Farmer', 'M', '27/06/1990'),
(633, 'Gregory', 'Conrad', 'M', '26/12/1990'),
(634, 'Matthew', 'Combs', 'F', '16/05/1986'),
(635, 'Nevada', 'Aguilar', 'F', '07/12/1988'),
(636, 'Keith', 'Phelps', 'F', '10/02/1990'),
(637, 'Jane', 'Gray', 'F', '31/12/1984'),
(638, 'Penelope', 'England', 'M', '26/08/1983'),
(639, 'Jamal', 'Gentry', 'M', '01/06/1990'),
(640, 'Jamal', 'Robbins', 'M', '26/03/1992'),
(641, 'Keaton', 'Walter', 'M', '14/12/1992'),
(642, 'Veda', 'Whitney', 'F', '17/08/1981'),
(643, 'Bryar', 'Higgins', 'F', '17/10/1990'),
(644, 'Benedict', 'Franco', 'M', '01/08/1983'),
(645, 'David', 'Alexander', 'M', '22/06/1986'),
(646, 'Ira', 'Lucas', 'F', '31/10/1985'),
(647, 'Alan', 'Mccormick', 'F', '27/03/1991'),
(648, 'Vera', 'Barr', 'M', '30/09/1990'),
(649, 'Hunter', 'Hopkins', 'M', '11/06/1990'),
(650, 'Lamar', 'Reese', 'F', '19/10/1982'),
(651, 'Ocean', 'Whitehead', 'M', '08/09/1991'),
(652, 'Deanna', 'Frederick', 'F', '26/07/1988'),
(653, 'Blossom', 'Armstrong', 'F', '03/01/1982'),
(654, 'Giselle', 'Kline', 'F', '07/10/1984'),
(655, 'August', 'Quinn', 'F', '23/10/1983'),
(656, 'Erica', 'Wise', 'M', '05/09/1989'),
(657, 'Frances', 'Mccray', 'F', '11/04/1991'),
(658, 'Sawyer', 'Rhodes', 'F', '09/11/1984'),
(659, 'Nita', 'Yates', 'M', '31/03/1990'),
(660, 'Hilel', 'Todd', 'M', '11/08/1986'),
(661, 'Lenore', 'Gamble', 'F', '26/06/1981'),
(662, 'Tatiana', 'Powell', 'F', '22/05/1986'),
(663, 'Nelle', 'Colon', 'M', '11/01/1990'),
(664, 'Clark', 'Kemp', 'F', '23/06/1982'),
(665, 'Noel', 'King', 'F', '06/02/1989'),
(666, 'Perry', 'Spencer', 'M', '12/03/1982'),
(667, 'Brenda', 'Carlson', 'F', '20/11/1981'),
(668, 'Germane', 'Wagner', 'M', '17/10/1982'),
(669, 'Guinevere', 'Jacobs', 'M', '27/08/1982'),
(670, 'Isabelle', 'Cameron', 'M', '26/05/1984'),
(671, 'Florence', 'Myers', 'F', '16/08/1989'),
(672, 'Quin', 'Ayala', 'F', '03/05/1991'),
(673, 'Sara', 'Bowen', 'F', '02/03/1985'),
(674, 'MacKensie', 'Dalton', 'M', '20/01/1988'),
(675, 'Quinlan', 'Bennett', 'F', '07/01/1986'),
(676, 'Lysandra', 'Cardenas', 'F', '11/07/1990'),
(677, 'Sasha', 'Nunez', 'M', '05/10/1986'),
(678, 'Gannon', 'Alford', 'M', '30/03/1984'),
(679, 'Phyllis', 'Bray', 'M', '12/12/1984'),
(680, 'Nolan', 'Cross', 'F', '04/01/1988'),
(681, 'Silas', 'Brady', 'F', '14/10/1988'),
(682, 'Kelsie', 'Holden', 'F', '06/10/1984'),
(683, 'Karly', 'Carpenter', 'F', '30/06/1985'),
(684, 'Joshua', 'Best', 'F', '05/10/1984'),
(685, 'Stuart', 'Joyce', 'F', '09/07/1981'),
(686, 'McKenzie', 'Kidd', 'M', '10/07/1989'),
(687, 'Hilda', 'Riggs', 'F', '04/07/1981'),
(688, 'Yael', 'Mccall', 'M', '02/01/1982'),
(689, 'Kessie', 'Hahn', 'M', '05/05/1991'),
(690, 'Ishmael', 'Sanders', 'F', '13/05/1988'),
(691, 'Nash', 'Walsh', 'F', '15/06/1987'),
(692, 'Chastity', 'Salas', 'M', '01/06/1984'),
(693, 'Mechelle', 'Vinson', 'M', '26/09/1986'),
(694, 'Oscar', 'Ellison', 'M', '20/10/1991'),
(695, 'Ray', 'Britt', 'M', '16/06/1992'),
(696, 'Hermione', 'Castillo', 'M', '24/10/1986'),
(697, 'Tiger', 'Case', 'M', '02/03/1988'),
(698, 'Carly', 'Dickerson', 'F', '19/02/1990'),
(699, 'Montana', 'Wright', 'M', '06/03/1983'),
(700, 'Mechelle', 'Dunlap', 'F', '19/07/1981'),
(701, 'Plato', 'Bailey', 'F', '21/06/1984'),
(702, 'Charde', 'Christensen', 'F', '18/02/1988'),
(703, 'Alfonso', 'Reid', 'F', '07/06/1982'),
(704, 'Clinton', 'Noel', 'F', '21/09/1982'),
(705, 'Kylan', 'Chapman', 'F', '29/01/1982'),
(706, 'Keegan', 'Medina', 'F', '10/01/1984'),
(707, 'Daria', 'Chase', 'F', '03/07/1984'),
(708, 'Indira', 'Edwards', 'M', '06/12/1987'),
(709, 'Benedict', 'Langley', 'M', '24/10/1980'),
(710, 'Kalia', 'Snyder', 'F', '05/03/1979'),
(711, 'Susan', 'Richmond', 'F', '01/08/1990'),
(712, 'Jennifer', 'Fowler', 'F', '27/07/1990'),
(713, 'Haviva', 'Sargent', 'F', '20/11/1984'),
(714, 'Tana', 'Coleman', 'F', '05/12/1985'),
(715, 'Maxwell', 'Conrad', 'M', '09/02/1990'),
(716, 'Imogene', 'Mills', 'F', '03/10/1988'),
(717, 'Dolan', 'Rosa', 'M', '28/10/1986'),
(718, 'Megan', 'Vincent', 'M', '23/06/1987'),
(719, 'Charles', 'Ochoa', 'F', '29/09/1989'),
(720, 'Anjolie', 'Miranda', 'M', '07/10/1985'),
(721, 'Solomon', 'Macdonald', 'F', '16/10/1987'),
(722, 'Hamish', 'Sears', 'F', '27/03/1984'),
(723, 'Phoebe', 'Tucker', 'M', '18/05/1982'),
(724, 'Roanna', 'Ferrell', 'M', '09/08/1980'),
(725, 'Amethyst', 'Abbott', 'F', '25/08/1983'),
(726, 'Wang', 'Ramirez', 'M', '27/09/1983'),
(727, 'Callie', 'Leblanc', 'M', '02/06/1987'),
(728, 'Claire', 'Duncan', 'M', '25/08/1990'),
(729, 'Hope', 'Fields', 'F', '27/06/1982'),
(730, 'Wallace', 'Mays', 'M', '30/03/1983'),
(731, 'Rhiannon', 'Crane', 'M', '25/02/1989'),
(732, 'Guinevere', 'Jacobson', 'F', '03/06/1979'),
(733, 'Justin', 'Levy', 'F', '02/08/1985'),
(734, 'Inga', 'Mercado', 'M', '08/06/1988'),
(735, 'Ramona', 'Roberts', 'M', '05/02/1986'),
(736, 'Clio', 'Campbell', 'M', '13/06/1987'),
(737, 'Palmer', 'Madden', 'F', '11/12/1988'),
(738, 'Bell', 'Everett', 'M', '07/08/1987'),
(739, 'Barbara', 'Beach', 'F', '09/01/1981'),
(740, 'Penelope', 'Pena', 'F', '21/09/1988'),
(741, 'Ruby', 'Battle', 'M', '03/07/1983'),
(742, 'Uriah', 'Snow', 'M', '14/03/1989'),
(743, 'Julie', 'Paul', 'M', '23/07/1989'),
(744, 'Chiquita', 'Benton', 'F', '15/06/1980'),
(745, 'Chadwick', 'Austin', 'F', '14/02/1983'),
(746, 'Montana', 'Giles', 'F', '07/03/1984'),
(747, 'Ishmael', 'White', 'F', '02/04/1989'),
(748, 'Rinah', 'Norman', 'F', '06/12/1980'),
(749, 'Henry', 'Glover', 'F', '28/08/1987'),
(750, 'Sylvia', 'Everett', 'F', '09/08/1985'),
(751, 'Germaine', 'Mack', 'M', '21/01/1981'),
(752, 'Basil', 'Flowers', 'M', '04/10/1983'),
(753, 'Castor', 'Brewer', 'M', '25/03/1982'),
(754, 'Patricia', 'Townsend', 'M', '09/03/1987'),
(755, 'Aurora', 'Kennedy', 'F', '16/02/1986'),
(756, 'Leah', 'Rios', 'M', '08/09/1990'),
(757, 'Kathleen', 'Santiago', 'F', '08/03/1986'),
(758, 'Sydnee', 'Beck', 'F', '24/04/1987'),
(759, 'Yeo', 'Shields', 'M', '10/03/1981'),
(760, 'Cruz', 'Maynard', 'M', '21/09/1983'),
(761, 'Orli', 'Ferguson', 'F', '08/09/1981'),
(762, 'Maxine', 'Hess', 'F', '18/09/1990'),
(763, 'Melyssa', 'Gonzales', 'M', '07/08/1982'),
(764, 'Cadman', 'Hickman', 'F', '17/04/1981'),
(765, 'Hyatt', 'Cardenas', 'F', '25/08/1990'),
(766, 'Sade', 'Sampson', 'F', '03/12/1987'),
(767, 'Kylee', 'Witt', 'F', '13/03/1981'),
(768, 'Kiara', 'Mcbride', 'M', '03/09/1983'),
(769, 'Walter', 'Harrell', 'F', '20/05/1990'),
(770, 'Joan', 'Mcbride', 'M', '31/01/1984'),
(771, 'Noble', 'Shepard', 'M', '28/01/1984'),
(772, 'Grant', 'Browning', 'F', '26/02/1986'),
(773, 'Jaden', 'Goodwin', 'F', '21/10/1989'),
(774, 'Judith', 'Avila', 'F', '20/03/1988'),
(775, 'Chaney', 'Torres', 'F', '16/04/1979'),
(776, 'Nayda', 'Ellis', 'F', '18/06/1982'),
(777, 'Camden', 'Henry', 'M', '12/07/1990'),
(778, 'Orli', 'Wilkins', 'F', '01/12/1989'),
(779, 'Barbara', 'Trevino', 'F', '08/06/1985'),
(780, 'Lois', 'Bray', 'F', '13/04/1990'),
(781, 'Olga', 'Grimes', 'M', '14/07/1980'),
(782, 'Ima', 'Baird', 'F', '11/12/1988'),
(783, 'Dora', 'Vargas', 'M', '11/07/1987'),
(784, 'Justina', 'Clemons', 'F', '30/05/1979'),
(785, 'Ira', 'Hooper', 'M', '17/01/1990'),
(786, 'Thaddeus', 'Perkins', 'F', '03/10/1987'),
(787, 'Hedda', 'Stafford', 'F', '08/10/1982'),
(788, 'Myles', 'Barnes', 'M', '01/05/1985'),
(789, 'Emily', 'Romero', 'M', '12/07/1986'),
(790, 'Jenette', 'Mueller', 'F', '09/11/1987'),
(791, 'Brenna', 'Michael', 'F', '01/11/1988'),
(792, 'Cody', 'Tran', 'M', '09/12/1985'),
(793, 'Athena', 'Cochran', 'M', '06/03/1986'),
(794, 'Alana', 'Hendricks', 'F', '10/09/1979'),
(795, 'Lana', 'Roth', 'F', '24/03/1979'),
(796, 'Byron', 'Hudson', 'F', '08/01/1979'),
(797, 'Kermit', 'Wiggins', 'M', '06/12/1982'),
(798, 'Gray', 'Clarke', 'F', '14/06/1981'),
(799, 'Upton', 'Kramer', 'M', '11/07/1986'),
(800, 'Kiara', 'Barron', 'M', '08/04/1979'),
(801, 'Imani', 'Ratliff', 'F', '28/01/1971'),
(802, 'Uta', 'Skinner', 'M', '30/03/1970'),
(803, 'Giacomo', 'Joseph', 'F', '13/02/1979'),
(804, 'Serina', 'Christensen', 'F', '06/10/1972'),
(805, 'Hamilton', 'Mathis', 'F', '11/04/1982'),
(806, 'Wylie', 'Hall', 'F', '27/03/1974'),
(807, 'Megan', 'Mcclain', 'M', '21/05/1981'),
(808, 'Georgia', 'Larsen', 'M', '10/10/1970'),
(809, 'Tatyana', 'Fernandez', 'M', '25/02/1976'),
(810, 'Chaim', 'Howard', 'M', '23/09/1979'),
(811, 'Urielle', 'Pennington', 'F', '27/11/1979'),
(812, 'Ulla', 'Walker', 'M', '04/06/1970'),
(813, 'Gail', 'Ross', 'F', '26/04/1981'),
(814, 'Bryar', 'Mccray', 'M', '15/04/1979'),
(815, 'Olympia', 'Poole', 'F', '09/09/1982'),
(816, 'Valentine', 'Langley', 'M', '22/04/1981'),
(817, 'Blake', 'Small', 'M', '13/09/1970'),
(818, 'Valentine', 'Fields', 'F', '20/04/1977'),
(819, 'Adrian', 'Manning', 'M', '29/06/1970'),
(820, 'Audra', 'Copeland', 'F', '22/04/1979'),
(821, 'Lydia', 'Baxter', 'M', '25/07/1976'),
(822, 'Stacy', 'Mullen', 'F', '23/01/1978'),
(823, 'Quail', 'Aguirre', 'F', '17/12/1975'),
(824, 'Ginger', 'Dyer', 'F', '20/09/1979'),
(825, 'Sigourney', 'Goff', 'M', '20/02/1980'),
(826, 'Leila', 'Wilcox', 'M', '08/10/1977'),
(827, 'Jana', 'Dean', 'M', '01/11/1971'),
(828, 'Summer', 'Hodges', 'M', '25/01/1972'),
(829, 'Hayden', 'Tillman', 'F', '21/04/1975'),
(830, 'Sybil', 'Contreras', 'F', '27/01/1975'),
(831, 'Garrett', 'Johnson', 'F', '03/06/1972'),
(832, 'Robin', 'Eaton', 'M', '07/05/1979'),
(833, 'Indigo', 'Brooks', 'F', '03/11/1971'),
(834, 'Brenden', 'Soto', 'M', '27/12/1981'),
(835, 'Yen', 'Jensen', 'M', '30/01/1972'),
(836, 'Quail', 'Farley', 'F', '08/12/1977'),
(837, 'Keaton', 'Robles', 'F', '28/04/1982'),
(838, 'Quynn', 'Shaw', 'M', '17/07/1981'),
(839, 'Samson', 'Mosley', 'F', '05/08/1978'),
(840, 'Benjamin', 'Carney', 'M', '11/09/1981'),
(841, 'Rana', 'Adkins', 'F', '10/10/1980'),
(842, 'Veda', 'Mccullough', 'F', '27/03/1973'),
(843, 'Fallon', 'Padilla', 'M', '30/11/1982'),
(844, 'Fitzgerald', 'Raymond', 'F', '08/01/1973'),
(845, 'Oren', 'Alford', 'F', '01/08/1975'),
(846, 'Emmanuel', 'Flynn', 'M', '13/05/1980'),
(847, 'Rhona', 'Cook', 'M', '12/11/1981'),
(848, 'Bethany', 'Cotton', 'F', '17/11/1977'),
(849, 'Benedict', 'Young', 'F', '22/11/1979'),
(850, 'Belle', 'Bray', 'M', '14/01/1978'),
(851, 'Jordan', 'Parks', 'F', '12/07/1974'),
(852, 'Kennedy', 'Brooks', 'M', '29/09/1971'),
(853, 'Lani', 'Wade', 'M', '25/11/1979'),
(854, 'Kaseem', 'Hicks', 'M', '10/03/1970'),
(855, 'Kareem', 'Wong', 'M', '09/12/1982'),
(856, 'Yardley', 'Peck', 'M', '03/06/1982'),
(857, 'Aurelia', 'Burks', 'F', '06/07/1972'),
(858, 'Aubrey', 'Steele', 'M', '17/05/1978'),
(859, 'Jonas', 'Noel', 'F', '06/03/1981'),
(860, 'Justine', 'Graham', 'F', '08/10/1982'),
(861, 'Plato', 'Gonzales', 'M', '26/06/1972'),
(862, 'Lydia', 'Long', 'M', '21/04/1974'),
(863, 'Emerson', 'Gould', 'F', '01/06/1970'),
(864, 'George', 'Dale', 'F', '06/07/1970'),
(865, 'Deborah', 'Hewitt', 'F', '20/08/1980'),
(866, 'Sasha', 'Jackson', 'M', '29/06/1976'),
(867, 'Nolan', 'Herrera', 'F', '31/07/1979'),
(868, 'Jerome', 'Fernandez', 'M', '19/06/1971'),
(869, 'Julie', 'Pollard', 'M', '12/10/1970'),
(870, 'Grace', 'Valentine', 'F', '27/07/1976'),
(871, 'Aileen', 'Wright', 'F', '12/02/1970'),
(872, 'Jarrod', 'Huber', 'M', '10/08/1979'),
(873, 'Brooke', 'Puckett', 'M', '15/02/1976'),
(874, 'Paloma', 'Olsen', 'M', '25/10/1979'),
(875, 'Baxter', 'Bernard', 'F', '30/09/1977'),
(876, 'Stewart', 'Patrick', 'F', '27/11/1972'),
(877, 'Kirestin', 'Beach', 'M', '07/04/1978'),
(878, 'Tashya', 'Mcfadden', 'M', '02/04/1970'),
(879, 'Igor', 'Guerrero', 'F', '18/04/1974'),
(880, 'Gregory', 'Patel', 'M', '17/04/1978'),
(881, 'Jacqueline', 'Raymond', 'F', '24/05/1972'),
(882, 'Bruno', 'Christian', 'M', '30/06/1972'),
(883, 'Kane', 'Hammond', 'M', '08/01/1976'),
(884, 'Cassandra', 'Ford', 'F', '31/05/1973'),
(885, 'Abraham', 'Bright', 'F', '17/04/1971'),
(886, 'Risa', 'Good', 'M', '18/05/1975'),
(887, 'Reese', 'Huber', 'F', '28/01/1977'),
(888, 'Rachel', 'Fields', 'M', '26/07/1981'),
(889, 'Benjamin', 'Hernandez', 'F', '07/10/1975'),
(890, 'Ivana', 'Stanton', 'F', '02/08/1970'),
(891, 'Uta', 'Hodge', 'F', '13/04/1971'),
(892, 'Carson', 'Kane', 'F', '24/10/1981'),
(893, 'Chastity', 'Hodges', 'F', '20/06/1970'),
(894, 'Baxter', 'Juarez', 'F', '22/10/1981'),
(895, 'Ursula', 'Paul', 'M', '28/01/1977'),
(896, 'Doris', 'Cain', 'M', '11/04/1970'),
(897, 'Evan', 'Callahan', 'F', '28/04/1977'),
(898, 'Caesar', 'Brewer', 'M', '13/07/1974'),
(899, 'Dana', 'Sosa', 'F', '11/03/1982'),
(900, 'Medge', 'Fletcher', 'M', '17/09/1978'),
(901, 'Barry', 'Abbott', 'M', '25/03/1986'),
(902, 'Philip', 'Hicks', 'F', '15/12/1990'),
(903, 'Lester', 'Morrow', 'M', '24/03/1990'),
(904, 'Baxter', 'Welch', 'F', '10/12/1983'),
(905, 'Hasad', 'Cameron', 'F', '09/06/1983'),
(906, 'Amela', 'Green', 'M', '16/12/1980'),
(907, 'Owen', 'Wolfe', 'F', '04/03/1991'),
(908, 'Quentin', 'Thornton', 'M', '22/09/1985'),
(909, 'Jin', 'Schroeder', 'F', '06/09/1986'),
(910, 'Gareth', 'Dalton', 'M', '03/01/1989'),
(911, 'Zane', 'Watson', 'M', '06/12/1988'),
(912, 'Vernon', 'Bright', 'F', '24/04/1982'),
(913, 'Blair', 'Underwood', 'M', '02/06/1983'),
(914, 'Rigel', 'Buckley', 'F', '16/06/1985'),
(915, 'Russell', 'Dennis', 'M', '29/05/1981'),
(916, 'Hilda', 'Cruz', 'F', '29/03/1992'),
(917, 'Talon', 'Landry', 'F', '27/11/1984'),
(918, 'Meghan', 'Floyd', 'F', '21/12/1986'),
(919, 'Tara', 'Salas', 'M', '17/09/1986'),
(920, 'Shellie', 'Flores', 'M', '07/08/1991'),
(921, 'Miriam', 'Trevino', 'F', '20/05/1988'),
(922, 'Ayanna', 'Martinez', 'F', '25/04/1989'),
(923, 'Eugenia', 'Buchanan', 'M', '12/03/1986'),
(924, 'Kylan', 'Fitzgerald', 'F', '29/09/1988'),
(925, 'Lee', 'Mercer', 'F', '18/10/1989'),
(926, 'Barbara', 'Merrill', 'F', '12/10/1991'),
(927, 'Kyle', 'Sandoval', 'F', '13/10/1990'),
(928, 'Orson', 'Michael', 'F', '05/07/1989'),
(929, 'Fritz', 'Nash', 'F', '04/10/1987'),
(930, 'Cameran', 'Ware', 'M', '16/02/1990'),
(931, 'Kimberly', 'Rocha', 'M', '05/06/1992'),
(932, 'Chase', 'Green', 'M', '01/11/1987'),
(933, 'Gil', 'Mathews', 'M', '27/05/1980'),
(934, 'Josephine', 'Hooper', 'F', '30/08/1990'),
(935, 'Montana', 'Kaufman', 'M', '11/04/1983'),
(936, 'Amos', 'Hubbard', 'F', '16/12/1990'),
(937, 'Harlan', 'Martinez', 'F', '20/12/1984'),
(938, 'Rashad', 'Rivas', 'F', '01/09/1984'),
(939, 'Stella', 'Lawrence', 'F', '15/11/1981'),
(940, 'Dieter', 'Cervantes', 'F', '22/01/1983'),
(941, 'Daphne', 'Harrell', 'F', '26/12/1992'),
(942, 'September', 'Cleveland', 'F', '06/06/1982'),
(943, 'Thomas', 'Simmons', 'M', '05/11/1989'),
(944, 'Kareem', 'Dalton', 'M', '01/05/1992'),
(945, 'Bethany', 'Randall', 'F', '20/05/1985'),
(946, 'Lucas', 'Benjamin', 'M', '24/06/1989'),
(947, 'Drew', 'Navarro', 'M', '19/07/1982'),
(948, 'Lenore', 'Barnes', 'M', '29/12/1986'),
(949, 'Halee', 'Aguilar', 'M', '13/08/1986'),
(950, 'Lee', 'Ellison', 'F', '07/01/1983'),
(951, 'Nora', 'Trujillo', 'M', '18/02/1980'),
(952, 'Juliet', 'Lewis', 'M', '02/05/1990'),
(953, 'Jin', 'Tyson', 'F', '13/05/1981'),
(954, 'Cheyenne', 'Knowles', 'F', '18/01/1985'),
(955, 'Lois', 'Ochoa', 'M', '19/06/1988'),
(956, 'Ray', 'Howard', 'F', '13/09/1982'),
(957, 'Ethan', 'Hebert', 'F', '03/04/1987'),
(958, 'Urielle', 'Hampton', 'F', '15/06/1983'),
(959, 'Destiny', 'Brown', 'M', '03/03/1982'),
(960, 'Dorian', 'Ramsey', 'F', '04/10/1987'),
(961, 'Raymond', 'Clayton', 'M', '26/04/1992'),
(962, 'Ifeoma', 'Buck', 'F', '24/08/1986'),
(963, 'Colorado', 'Medina', 'F', '25/05/1984'),
(964, 'Kadeem', 'Pratt', 'M', '24/02/1982'),
(965, 'Lisandra', 'Hood', 'M', '17/05/1991'),
(966, 'Mark', 'Molina', 'M', '05/07/1985'),
(967, 'Phelan', 'Mcleod', 'F', '08/08/1980'),
(968, 'Rhonda', 'Carter', 'F', '08/11/1989'),
(969, 'David', 'Hogan', 'F', '09/04/1990'),
(970, 'Ariel', 'Aguilar', 'F', '19/03/1990'),
(971, 'Gareth', 'Morris', 'M', '16/10/1988'),
(972, 'Cailin', 'Rosa', 'F', '10/09/1981'),
(973, 'Ursa', 'Steele', 'F', '24/04/1986'),
(974, 'Timothy', 'Mills', 'F', '24/08/1985'),
(975, 'Naida', 'Colon', 'M', '10/02/1981'),
(976, 'Debra', 'Rosario', 'M', '15/10/1990'),
(977, 'Ginger', 'Brewer', 'M', '12/01/1985'),
(978, 'Raymond', 'Wood', 'F', '05/12/1990'),
(979, 'Mona', 'Finch', 'F', '12/11/1982'),
(980, 'Susan', 'Schultz', 'F', '07/04/1981'),
(981, 'Blaine', 'Gray', 'M', '23/12/1988'),
(982, 'Scarlett', 'Newton', 'M', '11/07/1987'),
(983, 'Carol', 'Glover', 'F', '29/05/1990'),
(984, 'Sonia', 'Robbins', 'F', '04/06/1986'),
(985, 'Yana', 'Giles', 'F', '06/04/1990'),
(986, 'Erich', 'Turner', 'M', '08/09/1981'),
(987, 'Edan', 'Key', 'M', '09/06/1985'),
(988, 'Heather', 'Jones', 'F', '01/11/1990'),
(989, 'Channing', 'Shepherd', 'M', '30/12/1991'),
(990, 'Kane', 'Guzman', 'F', '10/09/1987'),
(991, 'Joan', 'Ayala', 'M', '25/08/1985'),
(992, 'Jesse', 'Mcfadden', 'M', '05/11/1988'),
(993, 'Indira', 'Conrad', 'M', '13/02/1983'),
(994, 'Herrod', 'Castro', 'M', '11/11/1988'),
(995, 'Madaline', 'Valentine', 'M', '01/07/1982'),
(996, 'Cora', 'Trevino', 'M', '30/03/1984'),
(997, 'Cherokee', 'Shepherd', 'M', '18/06/1981'),
(998, 'Sybil', 'Hammond', 'M', '22/10/1985'),
(999, 'Bell', 'Glass', 'M', '05/05/1990'),
(1000, 'Hedley', 'Willis', 'M', '04/03/1990'),
(1500, 'Raymond', 'Estes', 'M', '28/12/1956'),
(1501, 'Cole', 'Huber', 'F', '10/10/1975'),
(1502, 'Ayanna', 'Porter', 'F', '20/10/1963'),
(1503, 'Anne', 'Dalton', 'M', '07/02/1977'),
(1504, 'Yana', 'Colon', 'M', '04/09/1973'),
(10000, 'Colt', 'Walls', 'F', '20/07/1974'),
(10001, 'Charles', 'Bailey', 'M', '27/01/1984'),
(10002, 'Raja', 'Rivers', 'F', '10/09/1973'),
(10003, 'Jana', 'Juarez', 'F', '24/02/1971'),
(10004, 'Byron', 'Rojas', 'F', '21/11/1970'),
(10005, 'Audrey', 'Green', 'F', '03/11/1963'),
(10006, 'Marah', 'Grimes', 'M', '29/02/1960'),
(10007, 'Duncan', 'Terrell', 'M', '22/03/1956'),
(10008, 'Elizabeth', 'Sweeney', 'M', '30/07/1960'),
(10009, 'Abel', 'Watkins', 'M', '04/09/1952'),
(10010, 'Fuller', 'Cooke', 'M', '08/03/1983'),
(10011, 'Dara', 'Robinson', 'F', '09/02/1952'),
(10012, 'Vladimir', 'Wright', 'M', '21/04/1954'),
(10013, 'Thaddeus', 'Landry', 'F', '18/06/1967'),
(10014, 'Cecilia', 'Hendricks', 'F', '07/08/1958'),
(10015, 'Yasir', 'Guerra', 'F', '14/02/1977'),
(10016, 'Shad', 'Strong', 'F', '07/12/1968'),
(10017, 'Clare', 'Preston', 'F', '06/02/1984'),
(10018, 'Salvador', 'Fischer', 'F', '01/01/1979'),
(10019, 'Mason', 'Gibson', 'M', '08/12/1977'),
(10020, 'Isaac', 'Salas', 'F', '14/09/1950'),
(10021, 'Callie', 'Beach', 'F', '06/09/1950'),
(10022, 'Coby', 'Watts', 'F', '02/04/1955'),
(10023, 'Montana', 'Kennedy', 'F', '28/06/1951'),
(10024, 'Madonna', 'Townsend', 'F', '30/12/1981'),
(10025, 'Nissim', 'Black', 'M', '21/09/1982'),
(10026, 'Michelle', 'Ray', 'F', '17/08/1982'),
(10027, 'Jescie', 'Bonner', 'M', '31/05/1950'),
(10028, 'Colton', 'Mcknight', 'M', '04/01/1968'),
(10029, 'Lynn', 'Franco', 'F', '26/11/1983'),
(10030, 'Conan', 'Mcconnell', 'M', '19/06/1976'),
(10031, 'Cameron', 'Ruiz', 'F', '24/04/1969'),
(10032, 'Iola', 'Gill', 'F', '20/05/1955'),
(10033, 'Avye', 'Callahan', 'M', '05/07/1969'),
(10034, 'Martin', 'Hogan', 'F', '04/08/1957'),
(10035, 'Maite', 'Kerr', 'F', '29/06/1970'),
(10036, 'Brandon', 'Kent', 'M', '01/08/1975'),
(10037, 'Raven', 'Moreno', 'F', '15/01/1972'),
(10038, 'Stephanie', 'Estes', 'M', '14/06/1972'),
(10039, 'Wilma', 'Duffy', 'M', '01/04/1963'),
(10040, 'April', 'Pruitt', 'M', '28/10/1981'),
(10041, 'Maisie', 'Alvarez', 'F', '21/02/1967'),
(10042, 'Abdul', 'Gaines', 'F', '26/07/1964'),
(10043, 'Zephania', 'Pearson', 'M', '05/02/1967'),
(10044, 'Shelly', 'Strong', 'M', '07/08/1959'),
(10045, 'Jessica', 'Hale', 'M', '30/05/1955'),
(10046, 'Hasad', 'Campos', 'M', '10/06/1978'),
(10047, 'Abraham', 'Armstrong', 'M', '15/06/1955'),
(10048, 'Simone', 'Mcgee', 'M', '14/04/1950'),
(10049, 'Malcolm', 'Odom', 'F', '25/11/1984'),
(10050, 'Lilah', 'Horton', 'F', '04/12/1969'),
(10051, 'Ella', 'Barr', 'F', '04/05/1977'),
(10052, 'Rigel', 'Reed', 'M', '19/05/1969'),
(10053, 'Ivy', 'Sellers', 'F', '13/08/1963'),
(10054, 'Grady', 'Allison', 'M', '17/02/1962'),
(10055, 'Lois', 'Baird', 'M', '24/01/1952'),
(10056, 'Orli', 'Reilly', 'F', '11/11/1962'),
(10057, 'Kerry', 'Conley', 'M', '01/05/1968'),
(10058, 'Hermione', 'Estrada', 'M', '24/12/1975'),
(10059, 'Eden', 'Montgomery', 'M', '30/01/1952'),
(10060, 'Yael', 'Rowe', 'F', '12/01/1966'),
(10061, 'Elliott', 'Mccall', 'F', '29/06/1968'),
(10062, 'Kirestin', 'Olson', 'M', '12/04/1984'),
(10063, 'Calista', 'Harding', 'F', '11/01/1957'),
(10064, 'Abigail', 'Hicks', 'M', '10/09/1985'),
(10065, 'Samuel', 'Floyd', 'F', '26/05/1964'),
(10066, 'Delilah', 'Baker', 'M', '23/08/1958'),
(10067, 'Azalia', 'Davidson', 'M', '08/08/1962'),
(10068, 'Summer', 'Rosales', 'F', '23/09/1957'),
(10069, 'Astra', 'Mcpherson', 'M', '13/03/1981'),
(10070, 'Harrison', 'Lowe', 'F', '20/03/1960'),
(10071, 'Yoshio', 'Cochran', 'F', '12/03/1981'),
(10072, 'Indira', 'Reese', 'F', '17/02/1973'),
(10073, 'Xenos', 'Walton', 'M', '25/09/1960'),
(10074, 'Nissim', 'Glenn', 'M', '26/10/1966'),
(10075, 'Sierra', 'Duffy', 'M', '15/04/1981'),
(10076, 'Desiree', 'Perkins', 'F', '24/02/1965'),
(10077, 'Nerea', 'Snider', 'M', '16/03/1951'),
(10078, 'Lawrence', 'Bennett', 'F', '25/02/1952'),
(10079, 'Velma', 'Wells', 'F', '20/08/1964'),
(10080, 'Ronan', 'Walsh', 'M', '16/04/1968'),
(10081, 'Ray', 'Little', 'F', '27/12/1974'),
(10082, 'Beck', 'Donaldson', 'F', '13/08/1955'),
(10083, 'Hammett', 'Dennis', 'F', '02/01/1958'),
(10084, 'Kermit', 'Gross', 'M', '16/03/1977'),
(10085, 'Trevor', 'Ayala', 'M', '30/08/1984'),
(10086, 'Chadwick', 'Mccoy', 'F', '22/05/1985'),
(10087, 'Gregory', 'Rose', 'M', '11/01/1964'),
(10088, 'Tate', 'Hicks', 'F', '06/12/1982'),
(10089, 'Nero', 'Tran', 'M', '22/12/1980'),
(10090, 'Kane', 'Fletcher', 'M', '28/11/1976'),
(10091, 'Gloria', 'Ware', 'M', '13/04/1956'),
(10092, 'Steel', 'Barber', 'M', '02/06/1983'),
(10093, 'Lara', 'Diaz', 'M', '29/10/1976'),
(10094, 'Davis', 'Rodriquez', 'F', '06/05/1958'),
(10095, 'Lars', 'Carney', 'F', '29/05/1972'),
(10096, 'Tate', 'Dalton', 'M', '04/09/1971'),
(10097, 'Rajah', 'Gibson', 'M', '18/09/1971'),
(10098, 'Maisie', 'Dodson', 'F', '07/04/1962'),
(10099, 'Haviva', 'Dudley', 'F', '04/04/1955'),
(10100, 'Laurel', 'Woods', 'F', '08/10/1983'),
(10101, 'Rosalyn', 'Dennis', 'F', '02/08/1963'),
(10102, 'Minerva', 'Mathews', 'F', '11/05/1975'),
(10103, 'Deirdre', 'Irwin', 'M', '03/04/1972'),
(10104, 'Larissa', 'Everett', 'M', '24/01/1963'),
(10105, 'Adele', 'Willis', 'F', '08/02/1975'),
(10106, 'Rana', 'Powers', 'F', '09/08/1974'),
(10107, 'Ginger', 'Powers', 'F', '15/05/1953'),
(10108, 'Echo', 'Goodwin', 'M', '26/06/1951'),
(10109, 'Indira', 'Boyer', 'F', '14/11/1964'),
(10110, 'Keane', 'Stark', 'F', '09/06/1984'),
(10111, 'Halee', 'Floyd', 'M', '10/01/1975'),
(10112, 'Marcia', 'Adkins', 'M', '12/08/1969'),
(10113, 'Melodie', 'Russell', 'F', '06/02/1983'),
(10114, 'Erica', 'Bolton', 'F', '23/09/1977'),
(10115, 'Axel', 'Klein', 'M', '08/06/1954'),
(10116, 'Baxter', 'Sharpe', 'F', '14/11/1958'),
(10117, 'Winter', 'Ochoa', 'F', '08/09/1979'),
(10118, 'Abel', 'Mcpherson', 'M', '28/09/1979'),
(10119, 'Hayley', 'Vincent', 'M', '30/09/1978'),
(10120, 'Signe', 'Huffman', 'M', '27/08/1980'),
(10121, 'Karina', 'Wiley', 'F', '11/09/1950'),
(10122, 'Isaac', 'Lott', 'F', '05/02/1980'),
(10123, 'Elaine', 'Holman', 'M', '21/06/1963'),
(10124, 'Rhoda', 'James', 'F', '11/05/1972'),
(10125, 'Nathan', 'Hobbs', 'F', '28/06/1979'),
(10126, 'Eagan', 'Simpson', 'F', '26/04/1983'),
(10127, 'Brianna', 'Michael', 'M', '19/07/1963'),
(10128, 'Quyn', 'Jordan', 'F', '25/12/1983'),
(10129, 'Harlan', 'Irwin', 'F', '04/12/1982');
INSERT INTO `person` (`PersonID`, `FirstName`, `LastName`, `Gender`, `DateOfBirth`) VALUES
(10130, 'Jarrod', 'Flowers', 'F', '23/07/1964'),
(10131, 'Timon', 'House', 'F', '03/12/1978'),
(10132, 'Abel', 'Flowers', 'M', '08/06/1959'),
(10133, 'Lionel', 'Sharpe', 'F', '13/06/1971'),
(10134, 'Brandon', 'Pratt', 'M', '07/10/1977'),
(10135, 'Nash', 'Sherman', 'F', '14/10/1969'),
(10136, 'Tamekah', 'Wooten', 'M', '26/05/1951'),
(10137, 'Dora', 'Wagner', 'F', '01/04/1979'),
(10138, 'Byron', 'Roberson', 'F', '20/12/1959'),
(10139, 'Stacey', 'Berry', 'F', '20/08/1954'),
(10140, 'Jamalia', 'Stafford', 'F', '31/01/1980'),
(10141, 'Mercedes', 'Guerrero', 'M', '25/08/1981'),
(10142, 'Gay', 'Sparks', 'F', '16/12/1973'),
(10143, 'Kiona', 'Phelps', 'F', '15/03/1953'),
(10144, 'Ryder', 'Hays', 'M', '27/02/1957'),
(10145, 'Clio', 'Ruiz', 'F', '08/09/1979'),
(10146, 'Tanisha', 'Freeman', 'M', '15/05/1964'),
(10147, 'Karyn', 'Powers', 'F', '15/05/1952'),
(10148, 'Lana', 'Wood', 'M', '28/10/1958'),
(10149, 'Wendy', 'Marks', 'F', '16/09/1956'),
(10150, 'Wallace', 'Pickett', 'M', '28/06/1952'),
(10151, 'Deacon', 'Newman', 'M', '28/07/1983'),
(10152, 'Harlan', 'Sykes', 'M', '13/07/1983'),
(10153, 'Nasim', 'Cain', 'M', '29/10/1981'),
(10154, 'Joseph', 'Miranda', 'F', '29/05/1960'),
(10155, 'Amal', 'Lynn', 'M', '09/04/1956'),
(10156, 'Margaret', 'Bullock', 'F', '02/04/1966'),
(10157, 'Fleur', 'Tran', 'F', '10/03/1963'),
(10158, 'Matthew', 'Andrews', 'M', '09/07/1966'),
(10159, 'Jayme', 'Velazquez', 'F', '22/01/1981'),
(10160, 'Samantha', 'Castillo', 'M', '12/01/1960'),
(10161, 'Audrey', 'Collins', 'M', '25/08/1984'),
(10162, 'Naida', 'Glenn', 'M', '14/05/1963'),
(10163, 'Rhoda', 'Jacobson', 'F', '19/09/1972'),
(10164, 'Jaime', 'Welch', 'F', '21/07/1961'),
(10165, 'Ethan', 'Glass', 'F', '21/06/1974'),
(10166, 'Wayne', 'Mcbride', 'M', '11/08/1968'),
(10167, 'Hayley', 'Warner', 'M', '10/01/1975'),
(10168, 'Elizabeth', 'Young', 'M', '01/04/1954'),
(10169, 'Quynn', 'Barnes', 'F', '09/06/1953'),
(10170, 'Josephine', 'Serrano', 'F', '30/05/1968'),
(10171, 'Malachi', 'Rowe', 'M', '04/03/1961'),
(10172, 'Denise', 'Gibson', 'M', '24/04/1952'),
(10173, 'Phoebe', 'Clements', 'F', '21/12/1976'),
(10174, 'Minerva', 'Newman', 'F', '18/01/1972'),
(10175, 'Lionel', 'Booth', 'M', '06/12/1973'),
(10176, 'Gage', 'Sykes', 'M', '15/08/1981'),
(10177, 'Darius', 'Townsend', 'M', '26/05/1967'),
(10178, 'Ashton', 'Nelson', 'M', '06/04/1967'),
(10179, 'Unity', 'Neal', 'F', '03/12/1969'),
(10180, 'Galena', 'Hahn', 'F', '02/01/1976'),
(10181, 'Tamara', 'Gould', 'F', '16/09/1961'),
(10182, 'Yolanda', 'Sanford', 'M', '17/03/1976'),
(10183, 'Kelly', 'Castro', 'F', '14/02/1969'),
(10184, 'Bryar', 'Farmer', 'F', '14/04/1975'),
(10185, 'James', 'Flowers', 'F', '31/07/1967'),
(10186, 'Juliet', 'Giles', 'F', '27/09/1965'),
(10187, 'Reuben', 'Talley', 'F', '02/12/1968'),
(10188, 'Jack', 'Snider', 'M', '02/10/1981'),
(10189, 'Mona', 'Bradshaw', 'M', '04/03/1951'),
(10190, 'Kirby', 'Nixon', 'M', '03/03/1974'),
(10191, 'Grace', 'Riggs', 'F', '27/04/1976'),
(10192, 'Deirdre', 'Suarez', 'M', '08/12/1969'),
(10193, 'Kirby', 'Yates', 'F', '12/11/1954'),
(10194, 'Ryan', 'Briggs', 'M', '25/02/1959'),
(10195, 'Alyssa', 'Foreman', 'M', '29/07/1950'),
(10196, 'Otto', 'Hays', 'F', '16/10/1959'),
(10197, 'Leigh', 'Burt', 'F', '02/06/1952'),
(10198, 'Donovan', 'Houston', 'M', '29/07/1961'),
(10199, 'Blaine', 'Nelson', 'F', '07/08/1966'),
(10200, 'Lysandra', 'Phillips', 'F', '27/09/1965'),
(10201, 'Ashely', 'Hicks', 'F', '17/01/1985'),
(10202, 'Jenna', 'Benjamin', 'M', '20/05/1976'),
(10203, 'Omar', 'Wright', 'F', '21/09/1968'),
(10204, 'Mollie', 'Green', 'F', '26/07/1983'),
(10205, 'Igor', 'Holloway', 'F', '04/10/1976'),
(10206, 'Megan', 'Whitney', 'F', '13/09/1970'),
(10207, 'Gil', 'Adams', 'M', '10/10/1984'),
(10208, 'Fuller', 'Garrison', 'M', '30/03/1963'),
(10209, 'Justin', 'Heath', 'F', '23/05/1969'),
(10210, 'Xena', 'Coleman', 'F', '15/11/1955'),
(10211, 'Hillary', 'Tucker', 'F', '04/06/1958'),
(10212, 'Allegra', 'Lindsay', 'F', '30/10/1975'),
(10213, 'Jerome', 'Reilly', 'M', '24/04/1970'),
(10214, 'Raya', 'Gordon', 'F', '02/07/1971'),
(10215, 'Whilemina', 'Howe', 'M', '04/05/1968'),
(10216, 'Mara', 'Bright', 'F', '15/08/1982'),
(10217, 'Byron', 'Gillespie', 'M', '22/06/1966'),
(10218, 'Wyoming', 'Arnold', 'F', '23/07/1968'),
(10219, 'Theodore', 'Burnett', 'F', '19/06/1961'),
(10220, 'Gavin', 'Workman', 'M', '08/08/1963'),
(10221, 'Pearl', 'Mullen', 'F', '12/04/1970'),
(10222, 'Eagan', 'Rivera', 'F', '01/06/1953'),
(10223, 'Sawyer', 'Mcdonald', 'M', '06/04/1981'),
(10224, 'Candace', 'Irwin', 'F', '26/04/1975'),
(10225, 'Nelle', 'Zimmerman', 'M', '05/03/1968'),
(10226, 'Tatyana', 'Lloyd', 'F', '09/09/1963'),
(10227, 'Meredith', 'Mccoy', 'M', '30/06/1958'),
(10228, 'Keiko', 'Cardenas', 'M', '22/12/1979'),
(10229, 'Avye', 'Hayden', 'F', '17/09/1960'),
(10230, 'Nichole', 'Cannon', 'M', '25/06/1968'),
(10231, 'Constance', 'Raymond', 'M', '12/06/1969'),
(10232, 'Ann', 'Merritt', 'F', '22/05/1951'),
(10233, 'Kristen', 'Donovan', 'F', '15/05/1975'),
(10234, 'Jocelyn', 'Mejia', 'F', '09/02/1963'),
(10235, 'Echo', 'Good', 'M', '10/09/1983'),
(10236, 'Savannah', 'Sims', 'M', '01/11/1967'),
(10237, 'Yvonne', 'Webster', 'F', '13/12/1977'),
(10238, 'Beatrice', 'Nichols', 'F', '20/02/1957'),
(10239, 'Fritz', 'Terrell', 'F', '27/12/1971'),
(10240, 'Omar', 'Hawkins', 'F', '01/07/1969'),
(10241, 'Unity', 'Lancaster', 'M', '27/10/1963'),
(10242, 'Gillian', 'Lyons', 'M', '12/06/1955'),
(10243, 'Adele', 'Silva', 'M', '03/06/1981'),
(10244, 'Aline', 'Avila', 'F', '22/03/1975'),
(10245, 'Reagan', 'Wilkins', 'F', '09/03/1970'),
(10246, 'Lois', 'Mcintosh', 'M', '18/08/1975'),
(10247, 'Kameko', 'Olsen', 'M', '12/05/1982'),
(10248, 'MacKensie', 'Humphrey', 'M', '02/05/1959'),
(10249, 'Porter', 'Miranda', 'F', '25/07/1971'),
(10250, 'Barry', 'Mcclain', 'M', '24/11/1985'),
(10251, 'Rhoda', 'Riggs', 'M', '07/04/1985'),
(10252, 'Tana', 'Cortez', 'F', '06/09/1962'),
(10253, 'Norman', 'Leonard', 'F', '03/02/1974'),
(10254, 'Kibo', 'French', 'M', '13/08/1966'),
(10255, 'Alec', 'Carver', 'F', '13/12/1967'),
(10256, 'Quinn', 'Avila', 'F', '19/11/1982'),
(10257, 'Pamela', 'Talley', 'M', '27/04/1961'),
(10258, 'Roanna', 'Duke', 'F', '17/01/1961'),
(10259, 'Palmer', 'Mayo', 'M', '26/10/1956'),
(10260, 'Rogan', 'Weiss', 'M', '05/09/1958'),
(10261, 'Meredith', 'Hamilton', 'M', '22/04/1965'),
(10262, 'Eugenia', 'Kramer', 'M', '13/01/1955'),
(10263, 'Carly', 'Kirk', 'F', '19/12/1953'),
(10264, 'Arden', 'Kerr', 'F', '10/06/1972'),
(10265, 'Myra', 'Duran', 'F', '08/12/1955'),
(10266, 'Ryan', 'Mcmahon', 'M', '26/09/1985'),
(10267, 'Maris', 'Guzman', 'M', '02/06/1963'),
(10268, 'Ayanna', 'Henson', 'F', '19/06/1953'),
(10269, 'Felicia', 'Sullivan', 'F', '06/03/1985'),
(10270, 'Hayes', 'Lindsay', 'F', '17/08/1955'),
(10271, 'Deirdre', 'Witt', 'M', '16/07/1965'),
(10272, 'Maxine', 'Deleon', 'F', '25/06/1971'),
(10273, 'Galvin', 'Cantrell', 'F', '31/08/1950'),
(10274, 'Phelan', 'Rowe', 'F', '03/10/1972'),
(10275, 'Morgan', 'Cantu', 'M', '03/04/1967'),
(10276, 'Stone', 'Estrada', 'F', '13/06/1957'),
(10277, 'Davis', 'Conley', 'M', '25/04/1959'),
(10278, 'Shellie', 'Blanchard', 'F', '16/05/1957'),
(10279, 'Acton', 'Preston', 'F', '13/08/1973'),
(10280, 'Victoria', 'Scott', 'M', '26/01/1952'),
(10281, 'Hannah', 'Serrano', 'F', '28/03/1983'),
(10282, 'Otto', 'Burt', 'F', '12/04/1976'),
(10283, 'May', 'Castillo', 'F', '14/01/1970'),
(10284, 'Mercedes', 'Mcdaniel', 'F', '05/09/1966'),
(10285, 'Kalia', 'Simpson', 'M', '21/12/1978'),
(10286, 'Harding', 'Velez', 'M', '27/05/1966'),
(10287, 'Neve', 'Stout', 'F', '15/10/1955'),
(10288, 'Hayley', 'Hoffman', 'F', '28/05/1976'),
(10289, 'Tamara', 'Morton', 'M', '06/03/1960'),
(10290, 'Cameran', 'Hyde', 'F', '31/10/1984'),
(10291, 'Abra', 'Rhodes', 'F', '14/12/1984'),
(10292, 'Stacey', 'Mays', 'M', '17/12/1983'),
(10293, 'Leonard', 'Valenzuela', 'F', '17/06/1970'),
(10294, 'Vivian', 'Turner', 'M', '11/08/1961'),
(10295, 'Paul', 'Carrillo', 'M', '05/11/1957'),
(10296, 'Peter', 'Moses', 'F', '12/03/1982'),
(10297, 'Isaiah', 'Hayes', 'M', '11/04/1974'),
(10298, 'Ina', 'Levine', 'F', '30/04/1985'),
(10299, 'Kieran', 'Jimenez', 'M', '23/02/1969'),
(10300, 'Claudia', 'Hodge', 'F', '04/01/1963'),
(10301, 'Hayfa', 'Brooks', 'F', '03/01/1957'),
(10302, 'Sean', 'Yates', 'F', '07/06/1978'),
(10303, 'Tatiana', 'Cantrell', 'F', '11/09/1975'),
(10304, 'Kellie', 'Barton', 'M', '12/10/1969'),
(10305, 'Laura', 'Goff', 'F', '11/12/1976'),
(10306, 'Blake', 'Chapman', 'M', '20/05/1963'),
(10307, 'Clinton', 'Spencer', 'F', '04/09/1963'),
(10308, 'Paki', 'Chang', 'M', '20/01/1950'),
(10309, 'Mohammad', 'Ortiz', 'F', '16/01/1975'),
(10310, 'Montana', 'Nguyen', 'M', '11/08/1982'),
(10311, 'Kaseem', 'Lloyd', 'M', '30/04/1970'),
(10312, 'Branden', 'Flynn', 'M', '23/12/1978'),
(10313, 'Zephania', 'Mcmillan', 'F', '04/11/1968'),
(10314, 'Macaulay', 'Woodward', 'F', '07/03/1974'),
(10315, 'Halee', 'Simon', 'F', '14/06/1951'),
(10316, 'Madaline', 'Farley', 'M', '17/12/1982'),
(10317, 'Gisela', 'Saunders', 'F', '23/02/1952'),
(10318, 'Magee', 'Wall', 'M', '13/05/1963'),
(10319, 'Abigail', 'Bauer', 'M', '20/12/1970'),
(10320, 'Jayme', 'Stanley', 'F', '17/02/1971'),
(10321, 'Hilda', 'Blanchard', 'M', '21/02/1961'),
(10322, 'Orlando', 'Garcia', 'M', '08/09/1974'),
(10323, 'Robin', 'Hubbard', 'F', '09/11/1968'),
(10324, 'Blair', 'Carson', 'F', '10/05/1950'),
(10325, 'Theodore', 'Herring', 'F', '03/12/1953'),
(10326, 'Autumn', 'Merritt', 'M', '13/03/1981'),
(10327, 'Shellie', 'Finch', 'M', '05/01/1963'),
(10328, 'Denise', 'Mccray', 'F', '14/01/1955'),
(10329, 'Wendy', 'Petersen', 'F', '04/05/1981'),
(10330, 'Naida', 'Lancaster', 'F', '14/10/1961'),
(10331, 'Ryder', 'Espinoza', 'F', '13/05/1955'),
(10332, 'Jane', 'Dillard', 'F', '17/06/1959'),
(10333, 'Philip', 'Lindsey', 'F', '24/09/1956'),
(10334, 'Jada', 'Rowland', 'M', '07/07/1978'),
(10335, 'Winter', 'Nieves', 'F', '20/11/1984'),
(10336, 'Felicia', 'Middleton', 'M', '10/07/1984'),
(10337, 'Karyn', 'Barry', 'M', '20/06/1960'),
(10338, 'Zane', 'Baldwin', 'F', '06/08/1971'),
(10339, 'Shelby', 'Woodard', 'F', '03/02/1964'),
(10340, 'Berk', 'Mcmillan', 'M', '17/02/1963'),
(10341, 'Destiny', 'Chambers', 'F', '27/07/1962'),
(10342, 'Prescott', 'Bass', 'M', '12/08/1983'),
(10343, 'Urielle', 'Romero', 'M', '31/07/1950'),
(10344, 'Barry', 'Campos', 'M', '26/04/1972'),
(10345, 'Lester', 'Gibson', 'F', '07/01/1976'),
(10346, 'Amal', 'Bradley', 'F', '07/10/1973'),
(10347, 'Ima', 'Good', 'F', '02/09/1960'),
(10348, 'Xerxes', 'Best', 'F', '01/10/1954'),
(10349, 'Keegan', 'Riley', 'M', '26/07/1981'),
(10350, 'Scarlett', 'Solis', 'F', '04/09/1978'),
(10351, 'Zeus', 'Clayton', 'M', '03/06/1971'),
(10352, 'Desiree', 'Matthews', 'M', '17/05/1964'),
(10353, 'Ethan', 'Daniels', 'M', '13/04/1978'),
(10354, 'Brenden', 'Ramos', 'M', '26/08/1971'),
(10355, 'Graham', 'Fuller', 'M', '25/10/1962'),
(10356, 'Geoffrey', 'Cross', 'F', '23/11/1978'),
(10357, 'Blair', 'White', 'M', '20/07/1984'),
(10358, 'Burton', 'Solis', 'M', '25/05/1966'),
(10359, 'Rosalyn', 'Vance', 'M', '16/06/1964'),
(10360, 'Charlotte', 'Ballard', 'M', '19/09/1951'),
(10361, 'Kiayada', 'Gill', 'M', '16/03/1971'),
(10362, 'Sade', 'Snow', 'F', '15/02/1977'),
(10363, 'Todd', 'Knight', 'M', '19/04/1980'),
(10364, 'Brenden', 'Mueller', 'F', '25/02/1976'),
(10365, 'Thane', 'Eaton', 'M', '07/01/1951'),
(10366, 'Basia', 'Quinn', 'M', '14/01/1959'),
(10367, 'Ivan', 'Branch', 'M', '08/08/1980'),
(10368, 'Marshall', 'Hansen', 'F', '03/02/1973'),
(10369, 'Denton', 'Carson', 'F', '16/11/1980'),
(10370, 'Brittany', 'Santana', 'F', '12/02/1964'),
(10371, 'Nerea', 'Beasley', 'F', '28/03/1953'),
(10372, 'Eagan', 'Richards', 'M', '30/01/1968'),
(10373, 'Yoshi', 'Abbott', 'F', '02/07/1968'),
(10374, 'Kibo', 'Alford', 'F', '22/09/1968'),
(10375, 'Abel', 'Clay', 'F', '15/07/1976'),
(10376, 'Imelda', 'Luna', 'F', '24/10/1980'),
(10377, 'Gannon', 'Stewart', 'F', '18/11/1959'),
(10378, 'Fletcher', 'Sexton', 'F', '25/03/1985'),
(10379, 'Sigourney', 'Parrish', 'M', '30/12/1954'),
(10380, 'Lucy', 'Rivas', 'F', '21/06/1959'),
(10381, 'Jelani', 'Cotton', 'F', '08/02/1966'),
(10382, 'Erica', 'Franco', 'F', '20/12/1961'),
(10383, 'Octavia', 'Mays', 'F', '17/05/1953'),
(10384, 'Simon', 'Leonard', 'F', '22/03/1951'),
(10385, 'Price', 'Donovan', 'F', '26/02/1962'),
(10386, 'Tyler', 'England', 'M', '25/11/1962'),
(10387, 'Wanda', 'Levine', 'M', '27/04/1968'),
(10388, 'Porter', 'Mann', 'F', '20/01/1980'),
(10389, 'Virginia', 'Trujillo', 'M', '22/07/1980'),
(10390, 'Grant', 'Gross', 'F', '01/05/1974'),
(10391, 'Penelope', 'Logan', 'F', '22/12/1980'),
(10392, 'Callum', 'Sharp', 'M', '14/07/1960'),
(10393, 'Quincy', 'Larsen', 'F', '16/04/1951'),
(10394, 'Zane', 'Rowe', 'F', '01/01/1970'),
(10395, 'Raven', 'Adkins', 'M', '20/01/1952'),
(10396, 'Francesca', 'Valdez', 'F', '27/03/1961'),
(10397, 'Desiree', 'Koch', 'F', '16/11/1972'),
(10398, 'Hashim', 'Knox', 'M', '24/08/1971'),
(10399, 'Isaiah', 'Meyer', 'F', '01/03/1970'),
(10400, 'Reese', 'Hardy', 'F', '29/09/1980'),
(10401, 'Stacey', 'Weeks', 'M', '27/02/1976'),
(10402, 'Freya', 'Crawford', 'F', '20/03/1951'),
(10403, 'Lillian', 'Mitchell', 'M', '23/09/1975'),
(10404, 'Alec', 'Finch', 'F', '29/10/1960'),
(10405, 'Rhonda', 'Davidson', 'M', '03/05/1954'),
(10406, 'Paki', 'Mcpherson', 'M', '18/07/1977'),
(10407, 'Jorden', 'Erickson', 'M', '15/11/1980'),
(10408, 'Erica', 'Hart', 'F', '28/02/1963'),
(10409, 'Connor', 'Mcneil', 'M', '24/11/1985'),
(10410, 'Porter', 'Gibbs', 'F', '21/03/1965'),
(10411, 'Vincent', 'Pearson', 'F', '05/02/1974'),
(10412, 'Hedwig', 'Buckley', 'M', '16/12/1981'),
(10413, 'Amery', 'Neal', 'F', '27/09/1977'),
(10414, 'Tanek', 'Doyle', 'F', '26/03/1984'),
(10415, 'Freya', 'Rocha', 'F', '18/09/1971'),
(10416, 'Jana', 'Hickman', 'F', '08/11/1976'),
(10417, 'Hedwig', 'Gallegos', 'M', '26/06/1960'),
(10418, 'Zahir', 'Serrano', 'F', '06/11/1985'),
(10419, 'Jessamine', 'Wong', 'F', '18/11/1963'),
(10420, 'Elvis', 'Lewis', 'M', '19/10/1966'),
(10421, 'Kylan', 'Prince', 'M', '07/05/1977'),
(10422, 'Renee', 'Smith', 'M', '19/02/1978'),
(10423, 'Donovan', 'Sanders', 'F', '24/12/1964'),
(10424, 'Sandra', 'Carlson', 'M', '11/06/1982'),
(10425, 'Rae', 'Murphy', 'M', '23/04/1966'),
(10426, 'Jaime', 'Blankenship', 'F', '22/05/1950'),
(10427, 'Neville', 'Wooten', 'M', '12/01/1971'),
(10428, 'Moses', 'Randolph', 'M', '22/12/1951'),
(10429, 'Martina', 'Finch', 'F', '06/11/1977'),
(10430, 'Timon', 'Meyer', 'M', '10/04/1978'),
(10431, 'Keith', 'Jensen', 'M', '17/02/1985'),
(10432, 'Meghan', 'Hayden', 'F', '19/05/1956'),
(10433, 'Dalton', 'Raymond', 'F', '05/01/1951'),
(10434, 'Portia', 'Mooney', 'M', '21/07/1985'),
(10435, 'Colby', 'Farrell', 'F', '24/06/1955'),
(10436, 'Ginger', 'Chapman', 'M', '03/03/1977'),
(10437, 'Brandon', 'Powell', 'M', '26/10/1974'),
(10438, 'Kyle', 'Wong', 'F', '20/08/1959'),
(10439, 'Austin', 'Stark', 'F', '01/05/1958'),
(10440, 'Beck', 'Weiss', 'F', '25/04/1978'),
(10441, 'Merritt', 'Manning', 'F', '15/09/1962'),
(10442, 'Malcolm', 'Fitzpatrick', 'M', '03/08/1957'),
(10443, 'Aimee', 'Atkins', 'M', '01/04/1982'),
(10444, 'Tanek', 'Horn', 'F', '23/01/1985'),
(10445, 'Cade', 'Roberson', 'M', '19/10/1978'),
(10446, 'Maryam', 'Baker', 'M', '30/11/1977'),
(10447, 'Yana', 'Barlow', 'F', '14/10/1962'),
(10448, 'Anika', 'Hinton', 'M', '19/07/1972'),
(10449, 'Hammett', 'Dejesus', 'F', '08/09/1962'),
(10450, 'Hayfa', 'Whitehead', 'M', '24/09/1976'),
(10451, 'Colin', 'Dickson', 'F', '13/05/1983'),
(10452, 'Keane', 'Stout', 'F', '21/07/1952'),
(10453, 'Patricia', 'Keller', 'F', '18/08/1980'),
(10454, 'Brennan', 'Hicks', 'F', '08/10/1964'),
(10455, 'Jacqueline', 'Mitchell', 'M', '20/08/1953'),
(10456, 'Nigel', 'Blankenship', 'M', '14/06/1974'),
(10457, 'Savannah', 'Mcleod', 'F', '25/02/1955'),
(10458, 'Jena', 'Diaz', 'F', '01/12/1983'),
(10459, 'Raven', 'Barker', 'M', '02/09/1969'),
(10460, 'Emerald', 'Bell', 'M', '03/12/1953'),
(10461, 'Ria', 'Flynn', 'M', '25/05/1978'),
(10462, 'Tatiana', 'Delgado', 'F', '21/05/1958'),
(10463, 'Jaime', 'Cleveland', 'M', '28/10/1976'),
(10464, 'Leandra', 'Reilly', 'M', '15/08/1950'),
(10465, 'Noah', 'Santiago', 'M', '21/09/1960'),
(10466, 'Melissa', 'Sherman', 'F', '06/07/1950'),
(10467, 'Arden', 'Britt', 'M', '05/01/1979'),
(10468, 'Nomlanga', 'Mccall', 'M', '10/01/1967'),
(10469, 'Justine', 'Best', 'F', '27/09/1975'),
(10470, 'Ahmed', 'Huber', 'M', '12/08/1982'),
(10471, 'Yoko', 'Hahn', 'M', '13/02/1976'),
(10472, 'Naomi', 'Campbell', 'M', '10/03/1982'),
(10473, 'Yoshio', 'Wade', 'F', '04/09/1953'),
(10474, 'Garrett', 'Roach', 'F', '27/12/1977'),
(10475, 'Priscilla', 'Lang', 'M', '11/06/1962'),
(10476, 'Kiona', 'Forbes', 'M', '18/02/1975'),
(10477, 'Tanya', 'Atkinson', 'F', '19/12/1968'),
(10478, 'Noble', 'Boyer', 'F', '17/11/1956'),
(10479, 'Odessa', 'Hines', 'F', '27/05/1972'),
(10480, 'Libby', 'Riddle', 'M', '12/05/1978'),
(10481, 'Lacota', 'Parrish', 'F', '21/08/1973'),
(10482, 'Maggy', 'Short', 'M', '15/01/1971'),
(10483, 'Constance', 'Barker', 'M', '03/09/1970'),
(10484, 'Nissim', 'Bryan', 'F', '14/03/1979'),
(10485, 'Lucius', 'Tanner', 'F', '28/10/1975'),
(10486, 'Justine', 'Sykes', 'F', '30/09/1974'),
(10487, 'Mikayla', 'Miles', 'F', '11/01/1953'),
(10488, 'Catherine', 'Callahan', 'M', '01/12/1972'),
(10489, 'Brenda', 'Brooks', 'F', '19/03/1961'),
(10490, 'Rhona', 'Farrell', 'M', '30/10/1966'),
(10491, 'Ann', 'Jennings', 'F', '29/06/1956'),
(10492, 'Christopher', 'Rush', 'F', '31/10/1962'),
(10493, 'Gretchen', 'Keller', 'F', '03/08/1956'),
(10494, 'Shana', 'Best', 'M', '20/03/1954'),
(10495, 'Nigel', 'Wyatt', 'F', '08/09/1973'),
(10496, 'Ora', 'Graham', 'F', '18/12/1984'),
(10497, 'Inez', 'Woods', 'F', '06/03/1985'),
(10498, 'Ivory', 'Blankenship', 'M', '18/01/1958'),
(10499, 'Evan', 'Lucas', 'M', '11/02/1959'),
(10500, 'Amal', 'Estes', 'M', '28/12/1952'),
(10501, 'Cole', 'Wynn', 'F', '16/10/1975'),
(10502, 'Chase', 'Porter', 'F', '25/10/1963'),
(10503, 'Anne', 'Taylor', 'M', '07/02/1978'),
(10504, 'Yana', 'Manning', 'M', '04/05/1973'),
(10505, 'Kristen', 'Foley', 'M', '17/07/1953'),
(10506, 'Yoko', 'Morrison', 'F', '21/01/1951'),
(10507, 'Elaine', 'Beach', 'M', '27/07/1958'),
(10508, 'Prescott', 'Montoya', 'M', '13/11/1951'),
(10509, 'Ronan', 'Vasquez', 'M', '01/12/1971'),
(10510, 'Ori', 'Sears', 'F', '21/10/1957'),
(10511, 'September', 'Armstrong', 'F', '25/06/1971'),
(10512, 'Buffy', 'Henson', 'M', '20/10/1950'),
(10513, 'Kirby', 'Wilson', 'M', '15/06/1969'),
(10514, 'Scarlett', 'Cain', 'M', '28/08/1959'),
(10515, 'Echo', 'Swanson', 'M', '26/02/1972'),
(10516, 'Quinn', 'Goodwin', 'F', '10/09/1955'),
(10517, 'Norman', 'Pruitt', 'F', '17/01/1954'),
(10518, 'Chelsea', 'Kent', 'M', '15/07/1977'),
(10519, 'Gillian', 'Wolfe', 'F', '15/05/1967'),
(10520, 'Dale', 'Kidd', 'M', '29/12/1953'),
(10521, 'Denton', 'Knox', 'M', '26/05/1957'),
(10522, 'Gay', 'Anderson', 'M', '31/10/1983'),
(10523, 'Raven', 'Estes', 'F', '25/11/1961'),
(10524, 'Mercedes', 'Hendrix', 'F', '21/05/1957'),
(10525, 'Ramona', 'Oneal', 'F', '25/04/1964'),
(10526, 'Kyle', 'Cline', 'F', '30/08/1966'),
(10527, 'Candice', 'Kline', 'F', '25/08/1982'),
(10528, 'Natalie', 'Bonner', 'F', '29/09/1983'),
(10529, 'Wyoming', 'Norris', 'M', '06/06/1972'),
(10530, 'Jessica', 'Steele', 'M', '20/09/1957'),
(10531, 'Adena', 'Miller', 'M', '29/03/1976'),
(10532, 'Amery', 'Bruce', 'M', '22/08/1981'),
(10533, 'Jade', 'Griffin', 'F', '10/03/1963'),
(10534, 'Angela', 'Giles', 'F', '03/12/1950'),
(10535, 'Larissa', 'Baird', 'F', '21/09/1978'),
(10536, 'Imogene', 'Fowler', 'M', '18/07/1957'),
(10537, 'Maile', 'Hooper', 'M', '28/10/1966'),
(10538, 'Vera', 'Wiggins', 'F', '27/06/1970'),
(10539, 'Imogene', 'Thompson', 'M', '08/07/1982'),
(10540, 'Yeo', 'Brooks', 'M', '06/09/1963'),
(10541, 'Deanna', 'Brady', 'F', '25/06/1958'),
(10542, 'Aurelia', 'Hinton', 'M', '04/08/1963'),
(10543, 'Vera', 'Fields', 'F', '15/12/1984'),
(10544, 'Darryl', 'Estrada', 'F', '02/09/1957'),
(10545, 'Brett', 'Rosario', 'M', '15/03/1959'),
(10546, 'Quamar', 'Leonard', 'F', '28/12/1984'),
(10547, 'Karleigh', 'Williams', 'M', '15/06/1965'),
(10548, 'Ocean', 'Barlow', 'M', '09/02/1974'),
(10549, 'Iliana', 'Norman', 'F', '04/02/1966'),
(10550, 'Jada', 'Davidson', 'F', '28/01/1951'),
(10551, 'Indigo', 'Morrow', 'M', '06/04/1978'),
(10552, 'Libby', 'Franco', 'M', '25/04/1973'),
(10553, 'Kai', 'Sweeney', 'M', '13/02/1975'),
(10554, 'Walter', 'Emerson', 'M', '19/06/1959'),
(10555, 'Hollee', 'Bell', 'F', '30/01/1983'),
(10556, 'Astra', 'Collier', 'F', '06/07/1983'),
(10557, 'Kiara', 'Mcintyre', 'M', '08/09/1984'),
(10558, 'Ariana', 'Green', 'M', '09/07/1981'),
(10559, 'Malcolm', 'Kidd', 'F', '12/01/1963'),
(10560, 'Sylvester', 'Trevino', 'F', '19/09/1951'),
(10561, 'Edward', 'Pollard', 'F', '21/08/1973'),
(10562, 'Brenna', 'Gentry', 'F', '13/02/1966'),
(10563, 'Gisela', 'Walters', 'F', '22/11/1980'),
(10564, 'Dai', 'Fleming', 'F', '24/06/1980'),
(10565, 'Lucy', 'Richmond', 'M', '30/03/1955'),
(10566, 'Liberty', 'Castillo', 'F', '26/12/1962'),
(10567, 'Otto', 'Hubbard', 'F', '09/04/1968'),
(10568, 'Xyla', 'Cole', 'M', '05/05/1980'),
(10569, 'Noelani', 'Pitts', 'M', '05/06/1953'),
(10570, 'Jonas', 'Melton', 'M', '14/08/1970'),
(10571, 'George', 'Rios', 'F', '06/10/1971'),
(10572, 'Brittany', 'Wilcox', 'F', '08/06/1977'),
(10573, 'Morgan', 'Sparks', 'M', '29/10/1956'),
(10574, 'Brooke', 'Campos', 'M', '21/01/1984'),
(10575, 'Justina', 'Barron', 'F', '01/09/1981'),
(10576, 'Dakota', 'Ortega', 'F', '15/11/1974'),
(10577, 'Paula', 'Brock', 'M', '17/11/1985'),
(10578, 'Lamar', 'Murray', 'F', '22/05/1973'),
(10579, 'Yoko', 'Brooks', 'F', '06/04/1982'),
(10580, 'Rina', 'Malone', 'M', '25/12/1970'),
(10581, 'Quemby', 'Curry', 'F', '21/03/1961'),
(10582, 'Kyla', 'Avery', 'M', '07/11/1959'),
(10583, 'Lev', 'Kirk', 'M', '08/10/1979'),
(10584, 'Katell', 'Pugh', 'M', '27/02/1983'),
(10585, 'Inez', 'Rowe', 'F', '17/12/1962'),
(10586, 'Abraham', 'Massey', 'M', '27/02/1984'),
(10587, 'Haviva', 'Buckner', 'F', '24/05/1963'),
(10588, 'Curran', 'Wolfe', 'F', '21/02/1963'),
(10589, 'Signe', 'Norris', 'M', '02/10/1974'),
(10590, 'Kuame', 'England', 'M', '30/03/1958'),
(10591, 'Alisa', 'Day', 'M', '09/06/1974'),
(10592, 'Alexis', 'Greer', 'M', '18/11/1961'),
(10593, 'Perry', 'Herrera', 'M', '31/12/1970'),
(10594, 'Lucian', 'Cabrera', 'M', '31/07/1975'),
(10595, 'India', 'Garrison', 'F', '06/04/1980'),
(10596, 'Ivan', 'William', 'M', '05/09/1966'),
(10597, 'Rinah', 'Henry', 'F', '22/04/1980'),
(10598, 'Tiger', 'Becker', 'F', '12/09/1959'),
(10599, 'Dustin', 'Good', 'F', '23/01/1963');

-- --------------------------------------------------------

--
-- Table structure for table `room`
--

CREATE TABLE `room` (
  `RoomID` int(10) NOT NULL,
  `RoomNum` int(4) NOT NULL,
  `Floor` int(2) NOT NULL,
  `Building` varchar(64) NOT NULL
) ENGINE=InnoDB DEFAULT CHARSET=utf8mb4;

--
-- Dumping data for table `room`
--

INSERT INTO `room` (`RoomID`, `RoomNum`, `Floor`, `Building`) VALUES
(1, 100, 1, 'Math'),
(2, 101, 1, 'Math'),
(3, 102, 1, 'Math'),
(4, 103, 1, 'Math'),
(5, 104, 1, 'Math'),
(6, 105, 1, 'Math'),
(7, 106, 1, 'Math'),
(8, 107, 1, 'Math'),
(9, 108, 1, 'Math'),
(10, 109, 1, 'Math'),
(11, 110, 1, 'Math'),
(12, 111, 1, 'Math'),
(13, 112, 1, 'Math'),
(14, 113, 1, 'Math'),
(15, 114, 1, 'Math'),
(16, 115, 1, 'Math'),
(17, 116, 1, 'Math'),
(18, 117, 1, 'Math'),
(19, 118, 1, 'Math'),
(20, 119, 1, 'Math'),
(21, 120, 1, 'Math'),
(22, 121, 1, 'Math'),
(23, 122, 1, 'Math'),
(24, 123, 1, 'Math'),
(25, 124, 1, 'Math'),
(26, 125, 1, 'Math'),
(27, 126, 1, 'Math'),
(28, 127, 1, 'Math'),
(29, 128, 1, 'Math'),
(30, 129, 1, 'Math'),
(31, 130, 1, 'Math'),
(32, 131, 1, 'Math'),
(33, 132, 1, 'Math'),
(34, 133, 1, 'Math'),
(35, 134, 1, 'Math'),
(36, 135, 1, 'Math'),
(37, 136, 1, 'Math'),
(38, 137, 1, 'Math'),
(39, 138, 1, 'Math'),
(40, 139, 1, 'Math'),
(41, 200, 2, 'Math'),
(42, 201, 2, 'Math'),
(43, 202, 2, 'Math'),
(44, 203, 2, 'Math'),
(45, 204, 2, 'Math'),
(46, 205, 2, 'Math'),
(47, 206, 2, 'Math'),
(48, 207, 2, 'Math'),
(49, 208, 2, 'Math'),
(50, 209, 2, 'Math'),
(51, 210, 2, 'Math'),
(52, 211, 2, 'Math'),
(53, 212, 2, 'Math'),
(54, 213, 2, 'Math'),
(55, 214, 2, 'Math'),
(56, 215, 2, 'Math'),
(57, 216, 2, 'Math'),
(58, 217, 2, 'Math'),
(59, 218, 2, 'Math'),
(60, 219, 2, 'Math'),
(61, 220, 2, 'Math'),
(62, 221, 2, 'Math'),
(63, 222, 2, 'Math'),
(64, 223, 2, 'Math'),
(65, 224, 2, 'Math'),
(66, 225, 2, 'Math'),
(67, 226, 2, 'Math'),
(68, 227, 2, 'Math'),
(69, 228, 2, 'Math'),
(70, 229, 2, 'Math'),
(71, 230, 2, 'Math'),
(72, 231, 2, 'Math'),
(73, 232, 2, 'Math'),
(74, 233, 2, 'Math'),
(75, 234, 2, 'Math'),
(76, 235, 2, 'Math'),
(77, 236, 2, 'Math'),
(78, 237, 2, 'Math'),
(79, 238, 2, 'Math'),
(80, 239, 2, 'Math'),
(81, 300, 3, 'Math'),
(82, 301, 3, 'Math'),
(83, 302, 3, 'Math'),
(84, 303, 3, 'Math'),
(85, 304, 3, 'Math'),
(86, 305, 3, 'Math'),
(87, 306, 3, 'Math'),
(88, 307, 3, 'Math'),
(89, 308, 3, 'Math'),
(90, 309, 3, 'Math'),
(91, 310, 3, 'Math'),
(92, 311, 3, 'Math'),
(93, 312, 3, 'Math'),
(94, 313, 3, 'Math'),
(95, 314, 3, 'Math'),
(96, 315, 3, 'Math'),
(97, 316, 3, 'Math'),
(98, 317, 3, 'Math'),
(99, 318, 3, 'Math'),
(100, 319, 3, 'Math'),
(101, 320, 3, 'Math'),
(102, 321, 3, 'Math'),
(103, 322, 3, 'Math'),
(104, 323, 3, 'Math'),
(105, 324, 3, 'Math'),
(106, 325, 3, 'Math'),
(107, 326, 3, 'Math'),
(108, 327, 3, 'Math'),
(109, 328, 3, 'Math'),
(110, 329, 3, 'Math'),
(111, 400, 4, 'Math'),
(112, 401, 4, 'Math'),
(113, 402, 4, 'Math'),
(114, 403, 4, 'Math'),
(115, 404, 4, 'Math'),
(116, 405, 4, 'Math'),
(117, 406, 4, 'Math'),
(118, 407, 4, 'Math'),
(119, 408, 4, 'Math'),
(120, 409, 4, 'Math'),
(121, 410, 4, 'Math'),
(122, 411, 4, 'Math'),
(123, 412, 4, 'Math'),
(124, 413, 4, 'Math'),
(125, 414, 4, 'Math'),
(126, 415, 4, 'Math'),
(127, 416, 4, 'Math'),
(128, 417, 4, 'Math'),
(129, 418, 4, 'Math'),
(130, 419, 4, 'Math'),
(131, 420, 4, 'Math'),
(132, 421, 4, 'Math'),
(133, 422, 4, 'Math'),
(134, 423, 4, 'Math'),
(135, 424, 4, 'Math'),
(136, 425, 4, 'Math'),
(137, 426, 4, 'Math'),
(138, 427, 4, 'Math'),
(139, 428, 4, 'Math'),
(140, 429, 4, 'Math'),
(150, 100, 1, 'Physics'),
(151, 101, 1, 'Physics'),
(152, 102, 1, 'Physics'),
(153, 103, 1, 'Physics'),
(154, 104, 1, 'Physics'),
(155, 105, 1, 'Physics'),
(156, 106, 1, 'Physics'),
(157, 107, 1, 'Physics'),
(158, 108, 1, 'Physics'),
(159, 109, 1, 'Physics'),
(160, 110, 1, 'Physics'),
(161, 111, 1, 'Physics'),
(162, 112, 1, 'Physics'),
(163, 113, 1, 'Physics'),
(164, 114, 1, 'Physics'),
(165, 115, 1, 'Physics'),
(166, 116, 1, 'Physics'),
(167, 117, 1, 'Physics'),
(168, 118, 1, 'Physics'),
(169, 119, 1, 'Physics'),
(170, 120, 1, 'Physics'),
(171, 121, 1, 'Physics'),
(172, 122, 1, 'Physics'),
(173, 123, 1, 'Physics'),
(174, 124, 1, 'Physics'),
(175, 125, 1, 'Physics'),
(176, 126, 1, 'Physics'),
(177, 127, 1, 'Physics'),
(178, 128, 1, 'Physics'),
(179, 129, 1, 'Physics'),
(180, 130, 1, 'Physics'),
(181, 131, 1, 'Physics'),
(182, 132, 1, 'Physics'),
(183, 133, 1, 'Physics'),
(184, 134, 1, 'Physics'),
(185, 135, 1, 'Physics'),
(186, 136, 1, 'Physics'),
(187, 137, 1, 'Physics'),
(188, 138, 1, 'Physics'),
(189, 139, 1, 'Physics'),
(190, 140, 1, 'Physics'),
(191, 141, 1, 'Physics'),
(192, 142, 1, 'Physics'),
(193, 143, 1, 'Physics'),
(194, 144, 1, 'Physics'),
(195, 145, 1, 'Physics'),
(196, 146, 1, 'Physics'),
(197, 147, 1, 'Physics'),
(198, 148, 1, 'Physics'),
(199, 149, 1, 'Physics'),
(200, 150, 1, 'Physics'),
(201, 151, 1, 'Physics'),
(202, 152, 1, 'Physics'),
(203, 153, 1, 'Physics'),
(204, 154, 1, 'Physics'),
(205, 155, 1, 'Physics'),
(206, 156, 1, 'Physics'),
(207, 157, 1, 'Physics'),
(208, 158, 1, 'Physics'),
(209, 159, 1, 'Physics'),
(210, 200, 2, 'Physics'),
(211, 201, 2, 'Physics'),
(212, 202, 2, 'Physics'),
(213, 203, 2, 'Physics'),
(214, 204, 2, 'Physics'),
(215, 205, 2, 'Physics'),
(216, 206, 2, 'Physics'),
(217, 207, 2, 'Physics'),
(218, 208, 2, 'Physics'),
(219, 209, 2, 'Physics'),
(220, 210, 2, 'Physics'),
(221, 211, 2, 'Physics'),
(222, 212, 2, 'Physics'),
(223, 213, 2, 'Physics'),
(224, 214, 2, 'Physics'),
(225, 215, 2, 'Physics'),
(226, 216, 2, 'Physics'),
(227, 217, 2, 'Physics'),
(228, 218, 2, 'Physics'),
(229, 219, 2, 'Physics'),
(230, 220, 2, 'Physics'),
(231, 221, 2, 'Physics'),
(232, 222, 2, 'Physics'),
(233, 223, 2, 'Physics'),
(234, 224, 2, 'Physics'),
(235, 225, 2, 'Physics'),
(236, 226, 2, 'Physics'),
(237, 227, 2, 'Physics'),
(238, 228, 2, 'Physics'),
(239, 229, 2, 'Physics'),
(240, 230, 2, 'Physics'),
(241, 231, 2, 'Physics'),
(242, 232, 2, 'Physics'),
(243, 233, 2, 'Physics'),
(244, 234, 2, 'Physics'),
(245, 235, 2, 'Physics'),
(246, 236, 2, 'Physics'),
(247, 237, 2, 'Physics'),
(248, 238, 2, 'Physics'),
(249, 239, 2, 'Physics'),
(250, 300, 3, 'Physics'),
(251, 301, 3, 'Physics'),
(252, 302, 3, 'Physics'),
(253, 303, 3, 'Physics'),
(254, 304, 3, 'Physics'),
(255, 305, 3, 'Physics'),
(256, 306, 3, 'Physics'),
(257, 307, 3, 'Physics'),
(258, 308, 3, 'Physics'),
(259, 309, 3, 'Physics'),
(260, 310, 3, 'Physics'),
(261, 311, 3, 'Physics'),
(262, 312, 3, 'Physics'),
(263, 313, 3, 'Physics'),
(264, 314, 3, 'Physics'),
(265, 315, 3, 'Physics'),
(266, 316, 3, 'Physics'),
(267, 317, 3, 'Physics'),
(268, 318, 3, 'Physics'),
(269, 319, 3, 'Physics'),
(270, 320, 3, 'Physics'),
(271, 321, 3, 'Physics'),
(272, 322, 3, 'Physics'),
(273, 323, 3, 'Physics'),
(274, 324, 3, 'Physics'),
(275, 325, 3, 'Physics'),
(276, 326, 3, 'Physics'),
(277, 327, 3, 'Physics'),
(278, 328, 3, 'Physics'),
(279, 329, 3, 'Physics'),
(280, 330, 3, 'Physics'),
(281, 331, 3, 'Physics'),
(282, 332, 3, 'Physics'),
(283, 333, 3, 'Physics'),
(284, 334, 3, 'Physics'),
(285, 335, 3, 'Physics'),
(286, 336, 3, 'Physics'),
(287, 337, 3, 'Physics'),
(288, 338, 3, 'Physics'),
(289, 339, 3, 'Physics'),
(290, 400, 4, 'Physics'),
(291, 401, 4, 'Physics'),
(292, 402, 4, 'Physics'),
(293, 403, 4, 'Physics'),
(294, 404, 4, 'Physics'),
(295, 405, 4, 'Physics'),
(296, 406, 4, 'Physics'),
(297, 407, 4, 'Physics'),
(298, 408, 4, 'Physics'),
(299, 409, 4, 'Physics'),
(300, 410, 4, 'Physics'),
(301, 411, 4, 'Physics'),
(302, 412, 4, 'Physics'),
(303, 413, 4, 'Physics'),
(304, 414, 4, 'Physics'),
(305, 415, 4, 'Physics'),
(306, 416, 4, 'Physics'),
(307, 417, 4, 'Physics'),
(308, 418, 4, 'Physics'),
(309, 419, 4, 'Physics'),
(310, 420, 4, 'Physics'),
(311, 421, 4, 'Physics'),
(312, 422, 4, 'Physics'),
(313, 423, 4, 'Physics'),
(314, 424, 4, 'Physics'),
(315, 425, 4, 'Physics'),
(316, 426, 4, 'Physics'),
(317, 427, 4, 'Physics'),
(318, 428, 4, 'Physics'),
(319, 429, 4, 'Physics'),
(320, 430, 4, 'Physics'),
(321, 431, 4, 'Physics'),
(322, 432, 4, 'Physics'),
(323, 433, 4, 'Physics'),
(324, 434, 4, 'Physics'),
(325, 435, 4, 'Physics'),
(326, 436, 4, 'Physics'),
(327, 437, 4, 'Physics'),
(328, 438, 4, 'Physics'),
(329, 439, 4, 'Physics'),
(350, 100, 1, 'IT'),
(351, 101, 1, 'IT'),
(352, 102, 1, 'IT'),
(353, 103, 1, 'IT'),
(354, 104, 1, 'IT'),
(355, 105, 1, 'IT'),
(356, 106, 1, 'IT'),
(357, 107, 1, 'IT'),
(358, 108, 1, 'IT'),
(359, 109, 1, 'IT'),
(360, 110, 1, 'IT'),
(361, 111, 1, 'IT'),
(362, 112, 1, 'IT'),
(363, 113, 1, 'IT'),
(364, 114, 1, 'IT'),
(365, 115, 1, 'IT'),
(366, 116, 1, 'IT'),
(367, 117, 1, 'IT'),
(368, 118, 1, 'IT'),
(369, 119, 1, 'IT'),
(370, 120, 1, 'IT'),
(371, 121, 1, 'IT'),
(372, 122, 1, 'IT'),
(373, 123, 1, 'IT'),
(374, 124, 1, 'IT'),
(375, 125, 1, 'IT'),
(376, 126, 1, 'IT'),
(377, 127, 1, 'IT'),
(378, 128, 1, 'IT'),
(379, 129, 1, 'IT'),
(380, 200, 2, 'IT'),
(381, 201, 2, 'IT'),
(382, 202, 2, 'IT'),
(383, 203, 2, 'IT'),
(384, 204, 2, 'IT'),
(385, 205, 2, 'IT'),
(386, 206, 2, 'IT'),
(387, 207, 2, 'IT'),
(388, 208, 2, 'IT'),
(389, 209, 2, 'IT'),
(390, 210, 2, 'IT'),
(391, 211, 2, 'IT'),
(392, 212, 2, 'IT'),
(393, 213, 2, 'IT'),
(394, 214, 2, 'IT'),
(395, 215, 2, 'IT'),
(396, 216, 2, 'IT'),
(397, 217, 2, 'IT'),
(398, 218, 2, 'IT'),
(399, 219, 2, 'IT'),
(400, 220, 2, 'IT'),
(401, 221, 2, 'IT'),
(402, 222, 2, 'IT'),
(403, 223, 2, 'IT'),
(404, 224, 2, 'IT'),
(405, 225, 2, 'IT'),
(406, 226, 2, 'IT'),
(407, 227, 2, 'IT'),
(408, 228, 2, 'IT'),
(409, 229, 2, 'IT'),
(410, 230, 2, 'IT'),
(411, 231, 2, 'IT'),
(412, 232, 2, 'IT'),
(413, 233, 2, 'IT'),
(414, 234, 2, 'IT'),
(415, 235, 2, 'IT'),
(416, 236, 2, 'IT'),
(417, 237, 2, 'IT'),
(418, 238, 2, 'IT'),
(419, 239, 2, 'IT'),
(420, 300, 3, 'IT'),
(421, 301, 3, 'IT'),
(422, 302, 3, 'IT'),
(423, 303, 3, 'IT'),
(424, 304, 3, 'IT'),
(425, 305, 3, 'IT'),
(426, 306, 3, 'IT'),
(427, 307, 3, 'IT'),
(428, 308, 3, 'IT'),
(429, 309, 3, 'IT'),
(430, 310, 3, 'IT'),
(431, 311, 3, 'IT'),
(432, 312, 3, 'IT'),
(433, 313, 3, 'IT'),
(434, 314, 3, 'IT'),
(435, 315, 3, 'IT'),
(436, 316, 3, 'IT'),
(437, 317, 3, 'IT'),
(438, 318, 3, 'IT'),
(439, 319, 3, 'IT'),
(440, 320, 3, 'IT'),
(441, 321, 3, 'IT'),
(442, 322, 3, 'IT'),
(443, 323, 3, 'IT'),
(444, 324, 3, 'IT'),
(445, 325, 3, 'IT'),
(446, 326, 3, 'IT'),
(447, 327, 3, 'IT'),
(448, 328, 3, 'IT'),
(449, 329, 3, 'IT'),
(500, 100, 1, 'Biology'),
(501, 101, 1, 'Biology'),
(502, 102, 1, 'Biology'),
(503, 103, 1, 'Biology'),
(504, 104, 1, 'Biology'),
(505, 105, 1, 'Biology'),
(506, 106, 1, 'Biology'),
(507, 107, 1, 'Biology'),
(508, 108, 1, 'Biology'),
(509, 109, 1, 'Biology'),
(510, 110, 1, 'Biology'),
(511, 111, 1, 'Biology'),
(512, 112, 1, 'Biology'),
(513, 113, 1, 'Biology'),
(514, 114, 1, 'Biology'),
(515, 115, 1, 'Biology'),
(516, 116, 1, 'Biology'),
(517, 117, 1, 'Biology'),
(518, 118, 1, 'Biology'),
(519, 119, 1, 'Biology'),
(520, 120, 1, 'Biology'),
(521, 121, 1, 'Biology'),
(522, 122, 1, 'Biology'),
(523, 123, 1, 'Biology'),
(524, 124, 1, 'Biology'),
(525, 125, 1, 'Biology'),
(526, 126, 1, 'Biology'),
(527, 127, 1, 'Biology'),
(528, 128, 1, 'Biology'),
(529, 129, 1, 'Biology'),
(530, 130, 1, 'Biology'),
(531, 131, 1, 'Biology'),
(532, 132, 1, 'Biology'),
(533, 133, 1, 'Biology'),
(534, 134, 1, 'Biology'),
(535, 135, 1, 'Biology'),
(536, 136, 1, 'Biology'),
(537, 137, 1, 'Biology'),
(538, 138, 1, 'Biology'),
(539, 139, 1, 'Biology'),
(540, 200, 1, 'Biology'),
(541, 201, 1, 'Biology'),
(542, 202, 1, 'Biology'),
(543, 203, 1, 'Biology'),
(544, 204, 1, 'Biology'),
(545, 205, 1, 'Biology'),
(546, 206, 1, 'Biology'),
(547, 207, 1, 'Biology'),
(548, 208, 1, 'Biology'),
(549, 209, 1, 'Biology'),
(550, 210, 1, 'Biology'),
(551, 211, 1, 'Biology'),
(552, 212, 1, 'Biology'),
(553, 213, 1, 'Biology'),
(554, 214, 1, 'Biology'),
(555, 215, 1, 'Biology'),
(556, 216, 1, 'Biology'),
(557, 217, 1, 'Biology'),
(558, 218, 1, 'Biology'),
(559, 219, 1, 'Biology'),
(560, 220, 1, 'Biology'),
(561, 221, 1, 'Biology'),
(562, 222, 1, 'Biology'),
(563, 223, 1, 'Biology'),
(564, 224, 1, 'Biology'),
(565, 225, 1, 'Biology'),
(566, 226, 1, 'Biology'),
(567, 227, 1, 'Biology'),
(568, 228, 1, 'Biology'),
(569, 229, 1, 'Biology'),
(570, 230, 1, 'Biology'),
(571, 231, 1, 'Biology'),
(572, 232, 1, 'Biology'),
(573, 233, 1, 'Biology'),
(574, 234, 1, 'Biology'),
(575, 235, 1, 'Biology'),
(576, 236, 1, 'Biology'),
(577, 237, 1, 'Biology'),
(578, 238, 1, 'Biology'),
(579, 239, 1, 'Biology'),
(580, 100, 1, 'Main Building'),
(581, 101, 1, 'Main Building'),
(582, 102, 1, 'Main Building'),
(583, 103, 1, 'Main Building'),
(584, 104, 1, 'Main Building'),
(585, 105, 1, 'Main Building'),
(586, 106, 1, 'Main Building'),
(587, 107, 1, 'Main Building'),
(588, 108, 1, 'Main Building'),
(589, 109, 1, 'Main Building'),
(590, 110, 1, 'Main Building'),
(591, 101, 1, 'Main Building'),
(592, 102, 1, 'Main Building'),
(593, 103, 1, 'Main Building'),
(594, 104, 1, 'Main Building'),
(595, 105, 1, 'Main Building'),
(596, 106, 1, 'Main Building'),
(597, 107, 1, 'Main Building'),
(598, 108, 1, 'Main Building'),
(599, 109, 1, 'Main Building'),
(600, 110, 1, 'Main Building');

-- --------------------------------------------------------

--
-- Table structure for table `schedule`
--

CREATE TABLE `schedule` (
  `ClassID` int(10) NOT NULL,
  `RoomID` int(10) NOT NULL,
  `FromTS` varchar(16) NOT NULL,
  `ToTS` varchar(16) NOT NULL
) ENGINE=InnoDB DEFAULT CHARSET=utf8mb4;

--
-- Dumping data for table `schedule`
--

INSERT INTO `schedule` (`ClassID`, `RoomID`, `FromTS`, `ToTS`) VALUES
(10, 375, '2011-01-13 20:10', '2011-01-13 21:10'),
(15, 55, '2011-03-31 18:00', '2011-03-31 19:00'),
(20, 73, '2009-02-17 14:50', '2009-02-17 16:50'),
(25, 100, '2001-01-14 07:20', '2001-01-14 09:20'),
(30, 258, '2009-04-14 13:10', '2009-04-14 17:10'),
(35, 263, '2015-02-01 07:00', '2015-02-01 09:00'),
(40, 320, '2013-02-06 11:50', '2013-02-06 12:50'),
(45, 163, '2004-06-07 07:30', '2004-06-07 09:30'),
(50, 24, '2002-08-09 10:10', '2002-08-09 11:10'),
(55, 34, '2002-03-22 11:10', '2002-03-22 12:10'),
(60, 47, '2007-01-30 08:30', '2007-01-30 09:30'),
(65, 16, '2001-02-05 16:45', '2001-02-05 17:45'),
(70, 59, '2005-07-28 08:40', '2005-07-28 09:40'),
(75, 247, '2010-07-19 11:30', '2010-07-19 12:30'),
(80, 516, '2015-08-28 16:45', '2015-08-28 17:45'),
(85, 105, '2005-03-09 21:00', '2005-03-09 21:30'),
(90, 180, '2001-02-08 10:40', '2001-02-08 11:40'),
(95, 251, '2007-02-20 06:10', '2007-02-20 08:10'),
(100, 59, '2002-09-21 17:50', '2002-09-21 18:50'),
(105, 250, '2009-05-28 08:45', '2009-05-28 09:45'),
(110, 533, '2002-12-27 09:20', '2002-12-27 11:20'),
(115, 14, '2001-08-09 13:05', '2001-08-09 15:05'),
(120, 18, '2002-02-07 20:30', '2002-02-07 21:30'),
(125, 90, '2002-11-06 20:50', '2002-11-06 21:50'),
(130, 359, '2008-10-22 10:20', '2008-10-22 11:20'),
(135, 400, '2010-06-13 11:10', '2010-06-13 13:10'),
(140, 41, '2001-02-24 14:45', '2001-02-24 15:45'),
(145, 276, '2015-01-11 13:30', '2015-01-11 14:30'),
(150, 26, '2010-10-27 20:50', '2010-10-27 21:50'),
(155, 235, '2007-10-27 11:20', '2007-10-27 12:20'),
(160, 525, '2009-10-18 12:30', '2009-10-18 14:30'),
(165, 89, '2014-02-28 20:00', '2014-02-28 21:00'),
(170, 368, '2005-05-12 08:45', '2005-05-12 10:45'),
(175, 283, '2004-06-14 07:30', '2004-06-14 09:30'),
(180, 353, '2005-05-12 19:00', '2005-05-12 20:00'),
(185, 76, '2005-03-12 21:00', '2005-03-12 21:40'),
(190, 46, '2003-06-29 16:15', '2003-06-29 17:15'),
(195, 88, '2002-12-27 15:50', '2002-12-27 16:50'),
(200, 436, '2005-03-23 13:45', '2005-03-23 14:45'),
(205, 167, '2006-08-30 11:00', '2006-08-30 12:00'),
(210, 63, '2008-01-02 20:10', '2008-01-02 21:10'),
(215, 55, '2015-05-07 11:00', '2015-05-07 13:00'),
(220, 267, '2004-05-28 14:45', '2004-05-28 15:45'),
(225, 524, '2013-07-20 13:25', '2013-07-20 14:25'),
(230, 390, '2005-06-19 07:20', '2005-06-19 09:20'),
(235, 35, '2007-01-17 18:20', '2007-01-17 19:20'),
(240, 194, '2015-07-22 15:35', '2015-07-22 16:35'),
(245, 447, '2014-06-23 19:50', '2014-06-23 20:50'),
(250, 530, '2012-06-10 18:50', '2012-06-10 19:50'),
(255, 94, '2004-01-05 20:45', '2004-01-05 21:45'),
(260, 393, '2007-03-16 14:00', '2007-03-16 15:00'),
(265, 198, '2014-04-13 06:45', '2014-04-13 08:45'),
(270, 316, '2012-05-14 10:35', '2012-05-14 11:35'),
(275, 392, '2007-01-13 15:00', '2007-01-13 16:00'),
(280, 534, '2008-03-08 10:20', '2008-03-08 11:20'),
(285, 112, '2014-04-25 18:45', '2014-04-25 19:45'),
(290, 402, '2004-04-20 13:25', '2004-04-20 14:25'),
(295, 30, '2013-05-02 08:20', '2013-05-02 09:20'),
(300, 419, '2015-09-24 13:25', '2015-09-24 14:25'),
(305, 120, '2003-10-23 11:30', '2003-10-23 12:30'),
(310, 2, '2009-06-15 12:00', '2009-06-15 14:00'),
(315, 320, '2015-02-01 13:15', '2015-02-01 14:15'),
(320, 354, '2013-11-25 20:35', '2013-11-25 21:35'),
(325, 529, '2009-05-09 18:15', '2009-05-09 19:15'),
(330, 125, '2004-07-30 11:00', '2004-07-30 12:00'),
(335, 153, '2009-04-20 12:35', '2009-04-20 13:35'),
(340, 232, '2008-07-27 11:35', '2008-07-27 12:35'),
(345, 413, '2006-01-04 15:25', '2006-01-04 16:25'),
(350, 545, '2013-08-15 14:00', '2013-08-15 15:00'),
(355, 11, '2013-02-25 11:30', '2013-02-25 13:30'),
(360, 448, '2012-08-07 07:30', '2012-08-07 10:30'),
(365, 128, '2014-08-08 13:35', '2014-08-08 15:35'),
(370, 374, '2013-10-05 15:20', '2013-10-05 17:20'),
(375, 156, '2000-12-05 11:15', '2000-12-05 13:15'),
(380, 284, '2002-10-16 13:40', '2002-10-16 14:40'),
(385, 27, '2003-07-17 20:15', '2003-07-17 21:15'),
(390, 270, '2009-09-13 13:05', '2009-09-13 14:05'),
(395, 83, '2007-08-03 18:30', '2007-08-03 19:30'),
(400, 155, '2001-05-31 11:30', '2001-05-31 13:30'),
(405, 35, '2000-11-20 13:35', '2000-11-20 14:35'),
(410, 120, '2011-11-18 16:45', '2011-11-18 17:45'),
(415, 17, '2001-01-14 10:50', '2001-01-14 11:50'),
(420, 97, '2001-12-04 08:20', '2001-12-04 09:20'),
(425, 68, '2007-12-15 13:20', '2007-12-15 15:20'),
(430, 408, '2001-11-19 13:20', '2001-11-19 14:20'),
(435, 164, '2009-03-11 15:45', '2009-03-11 16:45'),
(440, 274, '2011-10-26 13:55', '2011-10-26 15:55'),
(445, 432, '2002-05-26 13:25', '2002-05-26 14:25'),
(450, 387, '2012-01-11 14:45', '2012-01-11 16:45'),
(455, 191, '2015-05-28 18:25', '2015-05-28 19:25'),
(460, 95, '2009-02-22 20:35', '2009-02-22 21:35'),
(465, 283, '2011-03-30 11:15', '2011-03-30 12:15'),
(470, 251, '2004-07-22 10:05', '2004-07-22 11:05'),
(475, 168, '2015-04-01 12:50', '2015-04-01 13:50'),
(480, 42, '2002-07-19 20:40', '2002-07-19 21:40'),
(485, 80, '2002-05-13 12:50', '2002-05-13 13:50'),
(490, 157, '2010-01-08 12:50', '2010-01-08 14:50'),
(495, 394, '2005-08-07 20:20', '2005-08-07 21:20'),
(500, 394, '2013-10-05 11:50', '2013-10-05 13:50'),
(505, 360, '2013-01-17 06:35', '2013-01-17 08:35'),
(510, 27, '2009-01-23 14:20', '2009-01-23 16:30'),
(510, 540, '2001-01-23 14:20', '2001-01-23 16:30'),
(515, 59, '2002-03-24 20:10', '2002-03-24 21:10'),
(520, 192, '2005-09-02 18:00', '2005-09-02 19:00'),
(525, 157, '2006-04-15 13:10', '2006-04-15 17:10'),
(530, 414, '2012-03-01 11:50', '2012-03-01 12:50'),
(535, 540, '2010-09-17 10:10', '2010-09-17 11:10'),
(540, 27, '2013-10-05 07:30', '2013-10-05 09:30'),
(545, 41, '2003-04-24 07:00', '2003-04-24 09:10'),
(550, 545, '2001-06-18 11:10', '2001-06-18 12:10'),
(555, 67, '2012-04-27 11:40', '2012-04-27 12:40'),
(560, 47, '2000-12-12 06:40', '2000-12-12 08:40'),
(560, 380, '2001-01-23 06:40', '2001-01-23 08:40'),
(565, 1, '2008-07-01 14:00', '2008-07-01 15:00'),
(570, 214, '2011-03-11 16:45', '2011-03-11 17:45'),
(575, 63, '2010-07-03 16:45', '2010-07-03 17:45'),
(580, 85, '2005-04-12 10:40', '2005-04-12 11:40'),
(585, 19, '2010-06-22 17:50', '2010-06-22 18:50'),
(590, 406, '2003-01-27 06:10', '2003-01-27 08:10'),
(595, 66, '2008-01-05 21:00', '2008-01-05 21:50'),
(600, 179, '2009-04-19 08:45', '2009-04-19 09:45'),
(605, 56, '2005-02-15 18:50', '2005-02-15 19:50'),
(610, 98, '2001-04-24 16:40', '2001-04-24 18:40'),
(610, 150, '2001-07-24 16:40', '2001-07-24 18:40'),
(615, 25, '2011-02-28 12:00', '2011-02-28 14:00'),
(620, 389, '2006-01-21 13:05', '2006-01-21 15:05'),
(625, 225, '2004-09-07 10:20', '2004-09-07 11:20'),
(630, 4, '2001-11-08 14:45', '2001-11-08 15:45'),
(635, 329, '2004-12-22 20:50', '2004-12-22 21:50'),
(640, 313, '2003-11-17 13:30', '2003-11-17 14:30'),
(645, 43, '2004-05-22 11:10', '2004-05-22 13:10'),
(650, 276, '2002-12-22 11:20', '2002-12-22 12:20'),
(655, 38, '2006-03-11 13:20', '2006-03-11 14:20'),
(660, 111, '2001-07-24 13:00', '2001-07-24 14:00'),
(660, 299, '2014-03-06 13:00', '2014-03-06 14:00'),
(665, 528, '2014-05-18 07:30', '2014-05-18 10:30'),
(670, 49, '2006-12-28 20:00', '2006-12-28 21:00'),
(675, 388, '2011-07-29 19:00', '2011-07-29 20:00'),
(680, 400, '2014-04-09 16:15', '2014-04-09 17:15'),
(685, 515, '2008-10-04 13:45', '2008-10-04 14:45'),
(690, 378, '2004-12-01 15:50', '2004-12-01 16:50'),
(695, 220, '2007-12-14 21:00', '2007-12-14 21:40'),
(700, 69, '2015-06-20 11:00', '2015-06-20 12:00'),
(705, 256, '2002-10-07 15:45', '2002-10-07 17:45'),
(710, 320, '2004-02-15 12:20', '2004-02-15 13:20'),
(710, 530, '2004-02-08 12:20', '2004-02-08 13:20'),
(715, 373, '2005-01-28 16:45', '2005-01-28 17:45'),
(720, 45, '2005-05-02 11:00', '2005-05-02 13:00'),
(725, 531, '2011-09-05 07:20', '2011-09-05 09:20'),
(730, 75, '2005-04-09 15:35', '2005-04-09 16:35'),
(735, 218, '2014-02-02 18:50', '2014-02-02 19:50'),
(740, 61, '2005-01-06 19:50', '2005-01-06 20:50'),
(745, 298, '2014-11-18 18:20', '2014-11-18 19:40'),
(750, 310, '2007-02-10 20:45', '2007-02-10 21:45'),
(755, 86, '2009-11-17 12:30', '2009-11-17 13:30'),
(760, 370, '2004-02-15 14:05', '2004-02-15 15:05'),
(760, 417, '2006-11-29 14:05', '2006-11-29 15:05'),
(765, 50, '2015-03-14 20:35', '2015-03-14 21:35'),
(770, 64, '2002-08-17 06:45', '2002-08-17 08:45'),
(775, 81, '2008-06-03 10:20', '2008-06-03 11:20'),
(780, 98, '2009-06-20 13:25', '2009-06-20 14:25'),
(785, 526, '2003-12-19 13:25', '2003-12-19 14:25'),
(790, 228, '2001-01-08 08:20', '2001-01-08 09:20'),
(795, 267, '2010-11-09 18:45', '2010-11-09 19:45'),
(800, 288, '2003-05-23 11:30', '2003-05-23 12:30'),
(805, 434, '2014-09-13 18:30', '2014-09-13 19:30'),
(810, 51, '2003-12-15 11:10', '2003-12-15 12:10'),
(810, 325, '2003-11-15 11:10', '2003-11-15 12:10'),
(815, 87, '2006-03-03 11:00', '2006-03-03 13:30'),
(820, 110, '2005-06-11 13:15', '2005-06-11 14:15'),
(825, 282, '2009-03-28 11:00', '2009-03-28 12:00'),
(830, 62, '2007-12-01 11:35', '2007-12-01 12:35'),
(835, 174, '2009-10-02 14:00', '2009-10-02 15:00'),
(840, 38, '2015-01-26 15:25', '2015-01-26 16:25'),
(845, 218, '2007-08-01 12:35', '2007-08-01 13:45'),
(850, 162, '2011-07-10 11:30', '2011-07-10 13:30'),
(855, 440, '2008-03-11 12:10', '2008-03-11 13:10'),
(860, 97, '2013-01-11 06:45', '2013-01-11 08:45'),
(860, 440, '2003-12-15 06:45', '2003-12-15 08:45'),
(865, 442, '2006-07-18 13:10', '2006-07-18 14:20'),
(870, 421, '2005-01-23 13:35', '2005-01-23 15:35'),
(875, 289, '2011-07-19 13:40', '2011-07-19 14:40'),
(880, 78, '2007-08-03 13:05', '2007-08-03 14:05'),
(885, 241, '2003-05-11 11:30', '2003-05-11 13:30'),
(890, 87, '2014-09-30 18:30', '2014-09-30 19:30'),
(895, 260, '2010-02-10 20:15', '2010-02-10 21:45'),
(900, 56, '2012-05-08 20:10', '2012-05-08 21:10'),
(900, 137, '2007-03-01 13:35', '2007-03-01 14:35'),
(905, 86, '2008-07-06 10:35', '2008-07-06 11:35'),
(905, 199, '2008-01-15 13:10', '2008-01-15 17:10'),
(910, 21, '2010-01-17 07:35', '2010-01-17 09:35'),
(910, 156, '2012-04-17 14:20', '2012-04-17 16:30'),
(910, 580, '2010-04-17 07:35', '2010-04-17 09:35'),
(915, 5, '2007-08-03 18:00', '2007-08-03 19:00'),
(915, 33, '2006-04-08 06:40', '2006-04-08 08:20'),
(920, 357, '2001-11-12 20:10', '2001-11-12 21:10'),
(920, 531, '2010-06-25 10:50', '2010-06-25 11:50'),
(925, 69, '2006-09-04 07:30', '2006-09-04 09:30'),
(925, 376, '2008-03-14 13:20', '2008-03-14 14:20'),
(930, 130, '2005-11-06 13:55', '2005-11-06 15:55'),
(930, 519, '2011-03-14 07:00', '2011-03-14 09:00'),
(935, 89, '2006-04-12 11:40', '2006-04-12 12:40'),
(935, 175, '2007-04-07 14:45', '2007-04-07 16:45'),
(940, 5, '2006-07-16 13:25', '2006-07-16 14:25'),
(940, 151, '2003-04-11 12:00', '2003-04-11 13:35'),
(945, 526, '2000-11-17 10:10', '2000-11-17 11:10'),
(945, 527, '2009-10-10 15:45', '2009-10-10 16:55'),
(950, 60, '2006-03-06 18:25', '2006-03-06 19:25'),
(950, 546, '2012-01-07 14:00', '2012-01-07 15:00'),
(955, 123, '2003-11-04 16:45', '2003-11-04 17:45'),
(955, 178, '2014-05-27 10:40', '2014-05-27 11:40'),
(960, 17, '2000-12-27 20:30', '2000-12-27 21:30'),
(960, 257, '2005-02-27 06:40', '2005-02-27 08:40'),
(960, 570, '2010-04-17 20:30', '2010-04-17 21:30'),
(965, 32, '2009-01-06 11:30', '2009-01-06 12:00'),
(965, 204, '2014-02-11 16:45', '2014-02-11 17:45'),
(970, 86, '2008-09-26 14:00', '2008-09-26 15:00'),
(970, 297, '2011-10-09 11:15', '2011-10-09 12:15'),
(975, 73, '2011-04-30 06:10', '2011-04-30 08:10'),
(975, 442, '2001-10-08 20:40', '2001-10-08 21:40'),
(980, 231, '2004-03-28 12:50', '2004-03-28 14:50'),
(980, 448, '2003-03-18 21:00', '2003-03-18 21:30'),
(985, 46, '2002-09-18 11:50', '2002-09-18 13:50'),
(985, 152, '2003-01-02 18:50', '2003-01-02 19:50'),
(990, 53, '2004-08-26 20:20', '2004-08-26 21:20'),
(990, 409, '2014-11-02 20:25', '2014-11-02 21:40'),
(995, 27, '2011-05-27 12:50', '2011-05-27 13:30'),
(995, 393, '2002-12-29 17:50', '2002-12-29 18:50'),
(1000, 39, '2001-12-12 12:00', '2001-12-12 14:00'),
(1000, 245, '2004-07-20 06:35', '2004-07-20 08:35'),
(1005, 93, '2011-09-20 15:10', '2011-09-20 16:10'),
(1005, 266, '2004-04-12 10:20', '2004-04-12 11:20'),
(1010, 81, '2010-07-01 14:50', '2010-07-01 16:50'),
(1010, 411, '2005-08-13 16:40', '2005-08-13 18:40'),
(1010, 581, '2014-04-26 14:50', '2014-04-26 16:50'),
(1015, 392, '2006-05-20 14:20', '2006-05-20 16:30'),
(1015, 397, '2001-08-22 13:05', '2001-08-22 15:05'),
(1020, 201, '2014-11-13 20:10', '2014-11-13 21:10'),
(1020, 208, '2007-02-05 12:00', '2007-02-05 14:00'),
(1025, 60, '2006-12-25 13:30', '2006-12-25 14:30'),
(1025, 387, '2005-11-18 07:20', '2005-11-18 09:20'),
(1030, 102, '2008-07-03 13:10', '2008-07-03 17:10'),
(1030, 328, '2005-01-06 11:10', '2005-01-06 13:10'),
(1035, 368, '2003-12-08 13:20', '2003-12-08 14:20'),
(1035, 428, '2013-01-07 11:50', '2013-01-07 12:50'),
(1040, 4, '2011-02-08 11:30', '2011-02-08 15:30'),
(1040, 38, '2001-12-10 07:00', '2001-12-10 09:00'),
(1045, 1, '2012-10-29 20:50', '2012-10-29 21:50'),
(1045, 116, '2014-03-05 10:10', '2014-03-05 11:10'),
(1050, 67, '2001-09-20 11:10', '2001-09-20 12:10'),
(1050, 354, '2013-01-26 07:30', '2013-01-26 10:30'),
(1055, 52, '2002-03-11 19:00', '2002-03-11 20:00'),
(1055, 178, '2005-10-01 07:30', '2005-10-01 09:30'),
(1060, 124, '2004-05-30 08:40', '2004-05-30 09:40'),
(1060, 444, '2006-03-08 13:00', '2006-03-08 14:00'),
(1060, 584, '2014-04-26 08:40', '2014-04-26 09:40'),
(1065, 36, '2003-02-08 06:40', '2003-02-08 08:40'),
(1065, 94, '2010-04-10 20:00', '2010-04-10 21:00'),
(1070, 25, '2015-01-04 07:30', '2015-01-04 10:30'),
(1070, 270, '2010-04-08 08:30', '2010-04-08 09:30'),
(1075, 49, '2008-08-16 15:50', '2008-08-16 16:50'),
(1075, 329, '2003-08-06 11:30', '2003-08-06 12:30'),
(1080, 391, '2001-10-05 21:00', '2001-10-05 21:40'),
(1080, 409, '2014-05-14 16:45', '2014-05-14 17:45'),
(1085, 134, '2009-07-21 10:40', '2009-07-21 11:40'),
(1085, 177, '2005-04-14 15:45', '2005-04-14 17:45'),
(1090, 223, '2000-09-10 21:00', '2000-09-10 21:30'),
(1090, 442, '2014-03-17 10:10', '2014-03-17 10:50'),
(1095, 244, '2011-12-15 17:50', '2011-12-15 18:50'),
(1095, 395, '2009-07-24 13:45', '2009-07-24 14:45'),
(1100, 303, '2009-10-12 08:45', '2009-10-12 09:45'),
(1100, 387, '2003-06-19 16:45', '2003-06-19 17:45'),
(1105, 32, '2005-08-25 07:20', '2005-08-25 09:20'),
(1105, 80, '2004-05-05 06:10', '2004-05-05 08:10'),
(1110, 66, '2001-12-14 12:20', '2001-12-14 13:20'),
(1110, 270, '2010-06-14 20:30', '2010-06-14 21:30'),
(1110, 600, '2014-04-26 20:30', '2014-04-26 21:30'),
(1115, 31, '2007-12-05 11:00', '2007-12-05 13:00'),
(1115, 60, '2014-06-20 16:40', '2014-06-20 18:40'),
(1120, 265, '2003-11-12 16:45', '2003-11-12 17:45'),
(1120, 308, '2013-01-20 09:20', '2013-01-20 11:20'),
(1125, 117, '2010-04-04 20:50', '2010-04-04 21:50'),
(1125, 174, '2004-10-11 19:50', '2004-10-11 20:50'),
(1130, 248, '2012-03-06 18:20', '2012-03-06 19:20'),
(1130, 280, '2006-07-31 10:20', '2006-07-31 11:20'),
(1135, 114, '2004-12-05 12:30', '2004-12-05 13:30'),
(1135, 198, '2008-06-26 14:45', '2008-06-26 15:45'),
(1140, 88, '2015-01-04 19:45', '2015-01-04 21:10'),
(1140, 327, '2005-09-05 11:10', '2005-09-05 13:10'),
(1145, 43, '2008-06-18 20:50', '2008-06-18 21:50'),
(1145, 77, '2009-05-27 18:50', '2009-05-27 19:50'),
(1150, 7, '2013-09-12 11:20', '2013-09-12 12:20'),
(1150, 204, '2013-11-09 20:35', '2013-11-09 21:35'),
(1155, 414, '2004-11-28 13:30', '2004-11-28 14:30'),
(1155, 436, '2005-10-10 10:20', '2005-10-10 11:20'),
(1160, 36, '2014-12-11 08:45', '2014-12-11 10:45'),
(1160, 511, '2012-10-08 14:05', '2012-10-08 15:05'),
(1160, 596, '2014-04-26 08:45', '2014-04-26 10:45'),
(1165, 256, '2008-03-17 06:45', '2008-03-17 08:45'),
(1165, 376, '2009-01-21 13:00', '2009-01-21 14:00'),
(1170, 94, '2004-10-03 20:35', '2004-10-03 21:35'),
(1170, 435, '2001-03-30 12:30', '2001-03-30 14:30'),
(1175, 376, '2003-12-07 08:20', '2003-12-07 09:20'),
(1175, 420, '2010-02-12 07:30', '2010-02-12 09:30'),
(1180, 264, '2003-12-24 19:00', '2003-12-24 20:00'),
(1180, 523, '2011-03-09 18:45', '2011-03-09 19:45'),
(1185, 215, '2009-02-26 18:30', '2009-02-26 19:30'),
(1185, 251, '2002-10-03 16:15', '2002-10-03 17:15'),
(1190, 86, '2008-07-31 12:35', '2008-07-31 15:00'),
(1190, 322, '2007-02-02 21:00', '2007-02-02 21:40'),
(1195, 18, '2003-02-05 13:25', '2003-02-05 14:25'),
(1195, 74, '2013-10-19 13:45', '2013-10-19 14:45'),
(1200, 186, '2006-07-17 11:00', '2006-07-17 13:30'),
(1200, 197, '2006-03-29 11:00', '2006-03-29 12:00'),
(1205, 63, '2011-10-17 15:50', '2011-10-17 16:50'),
(1205, 375, '2009-09-15 11:00', '2009-09-15 12:00'),
(1210, 252, '2000-10-13 14:45', '2000-10-13 15:45'),
(1210, 255, '2015-03-19 11:10', '2015-03-19 12:10'),
(1210, 592, '2014-04-26 14:45', '2014-04-26 15:45'),
(1215, 13, '2001-01-02 12:20', '2001-01-02 13:20'),
(1215, 525, '2008-04-12 13:15', '2008-04-12 14:15'),
(1220, 120, '2011-06-23 11:00', '2011-06-23 13:30'),
(1220, 309, '2013-12-22 20:10', '2013-12-22 21:10'),
(1225, 308, '2009-04-04 15:25', '2009-04-04 16:25'),
(1225, 533, '2006-10-30 13:25', '2006-10-30 14:25'),
(1230, 46, '2006-04-02 12:35', '2006-04-02 13:35'),
(1230, 292, '2015-03-14 07:20', '2015-03-14 09:20'),
(1235, 236, '2006-03-03 12:10', '2006-03-03 13:10'),
(1235, 297, '2002-02-16 15:35', '2002-02-16 16:35'),
(1240, 65, '2002-01-04 18:20', '2002-01-04 19:20'),
(1240, 286, '2006-06-05 17:10', '2006-06-05 19:10'),
(1245, 80, '2002-11-28 18:50', '2002-11-28 19:50'),
(1245, 175, '2014-12-17 14:00', '2014-12-17 15:00'),
(1250, 220, '2008-06-01 13:10', '2008-06-01 14:20'),
(1250, 361, '2005-09-25 20:45', '2005-09-25 21:45'),
(1255, 22, '2015-01-29 13:40', '2015-01-29 14:40'),
(1255, 105, '2009-10-13 19:50', '2009-10-13 20:50'),
(1260, 45, '2015-01-30 06:45', '2015-01-30 08:45'),
(1260, 80, '2012-05-09 10:35', '2012-05-09 11:35'),
(1260, 580, '2014-04-26 10:35', '2014-04-26 11:35'),
(1265, 219, '2003-06-01 14:05', '2003-06-01 15:05'),
(1265, 438, '2014-06-12 13:35', '2014-06-12 15:35'),
(1270, 316, '2014-01-15 13:10', '2014-01-15 14:20'),
(1270, 403, '2009-03-04 14:00', '2009-03-04 15:00'),
(1275, 7, '2006-08-19 18:30', '2006-08-19 19:30'),
(1275, 439, '2005-07-05 15:00', '2005-07-05 16:00'),
(1280, 261, '2010-02-04 20:15', '2010-02-04 21:15'),
(1280, 422, '2009-04-23 10:20', '2009-04-23 11:20'),
(1285, 259, '2002-05-31 13:25', '2002-05-31 14:25'),
(1285, 400, '2008-01-11 10:35', '2008-01-11 11:35'),
(1290, 294, '2007-11-27 18:45', '2007-11-27 19:45'),
(1290, 532, '2005-09-20 08:00', '2005-09-20 09:55'),
(1295, 393, '2001-02-13 11:30', '2001-02-13 13:30'),
(1295, 398, '2002-02-27 13:25', '2002-02-27 14:25'),
(1300, 55, '2015-05-11 06:40', '2015-05-11 08:20'),
(1300, 102, '2009-06-14 11:30', '2009-06-14 12:30'),
(1305, 220, '2002-09-07 13:20', '2002-09-07 14:20'),
(1305, 532, '2002-06-01 08:20', '2002-06-01 09:20'),
(1310, 18, '2008-04-09 07:35', '2008-04-09 09:35'),
(1310, 214, '2010-01-23 20:35', '2010-01-23 21:35'),
(1310, 594, '2014-04-26 20:35', '2014-04-26 21:35'),
(1315, 298, '2007-12-19 10:50', '2007-12-19 11:50'),
(1315, 428, '2003-05-29 11:10', '2003-05-29 12:10'),
(1320, 200, '2007-04-25 06:40', '2007-04-25 08:20'),
(1320, 416, '2006-06-22 12:00', '2006-06-22 14:00'),
(1325, 208, '2014-01-01 13:25', '2014-01-01 14:25'),
(1325, 364, '2008-01-15 18:15', '2008-01-15 19:15'),
(1330, 96, '2014-02-17 11:00', '2014-02-17 12:00'),
(1330, 534, '2014-07-08 15:45', '2014-07-08 16:45'),
(1335, 25, '2002-03-01 10:40', '2002-03-01 11:40'),
(1335, 519, '2002-06-27 11:35', '2002-06-27 12:35'),
(1340, 180, '2008-05-21 12:35', '2008-05-21 13:35'),
(1340, 230, '2006-04-10 09:50', '2006-04-10 12:00'),
(1345, 325, '2003-04-23 14:45', '2003-04-23 16:45'),
(1345, 390, '2008-07-31 14:00', '2008-07-31 15:00'),
(1350, 94, '2000-11-20 11:30', '2000-11-20 13:30'),
(1350, 388, '2014-12-07 11:30', '2014-12-07 12:00'),
(1355, 30, '2014-03-26 20:40', '2014-03-26 21:40'),
(1355, 153, '2013-12-29 15:25', '2013-12-29 16:25'),
(1360, 23, '2004-09-30 20:30', '2004-09-30 21:30'),
(1360, 72, '2002-03-14 15:20', '2002-03-14 17:20'),
(1360, 582, '2014-04-26 15:20', '2014-04-26 17:20'),
(1365, 215, '2005-04-20 11:15', '2005-04-20 12:15'),
(1365, 277, '2007-09-01 06:45', '2007-09-01 08:45'),
(1370, 30, '2001-08-21 07:30', '2001-08-21 10:30'),
(1370, 103, '2003-05-18 11:30', '2003-05-18 12:00'),
(1375, 45, '2007-05-14 11:15', '2007-05-14 13:15'),
(1375, 370, '2003-10-26 20:20', '2003-10-26 21:20'),
(1380, 11, '2002-10-31 12:50', '2002-10-31 13:50'),
(1380, 500, '2001-08-16 13:40', '2001-08-16 14:40'),
(1385, 71, '2013-04-26 15:10', '2013-04-26 16:10'),
(1385, 299, '2011-05-09 13:05', '2011-05-09 14:05'),
(1390, 38, '2007-03-25 12:00', '2007-03-25 13:10'),
(1390, 216, '2014-08-28 20:15', '2014-08-28 21:15'),
(1395, 228, '2009-05-27 11:50', '2009-05-27 13:50'),
(1395, 276, '2015-01-18 11:30', '2015-01-18 13:30'),
(1400, 43, '2006-12-29 14:20', '2006-12-29 16:30'),
(1400, 291, '2013-05-24 13:35', '2013-05-24 14:35'),
(1405, 283, '2005-07-22 18:00', '2005-07-22 19:00'),
(1405, 389, '2002-05-26 18:30', '2002-05-26 19:30'),
(1410, 245, '2003-12-08 08:20', '2003-12-08 09:20'),
(1410, 529, '2013-06-20 20:10', '2013-06-20 21:10'),
(1410, 595, '2014-04-26 08:20', '2014-04-26 09:20'),
(1415, 42, '2002-06-25 14:50', '2002-06-25 16:50'),
(1415, 84, '2015-06-28 07:35', '2015-06-28 09:35'),
(1420, 89, '2009-07-01 13:10', '2009-07-01 17:10'),
(1420, 437, '2004-08-11 16:45', '2004-08-11 17:45'),
(1425, 35, '2000-12-18 07:00', '2000-12-18 09:00'),
(1425, 298, '2005-08-13 13:20', '2005-08-13 15:20'),
(1430, 62, '2006-08-29 07:20', '2006-08-29 09:20'),
(1430, 84, '2008-10-23 13:20', '2008-10-23 14:20'),
(1435, 63, '2005-07-07 10:10', '2005-07-07 11:10'),
(1435, 80, '2006-10-03 13:55', '2006-10-03 15:55'),
(1440, 80, '2015-06-23 15:45', '2015-06-23 16:45'),
(1440, 417, '2010-10-25 11:10', '2010-10-25 12:10'),
(1445, 45, '2011-07-05 14:45', '2011-07-05 16:45'),
(1445, 292, '2015-01-05 11:50', '2015-01-05 12:50'),
(1450, 40, '2012-09-22 18:25', '2012-09-22 19:25'),
(1450, 546, '2015-05-10 06:40', '2015-05-10 08:40'),
(1455, 159, '2009-06-24 16:45', '2009-06-24 17:45'),
(1455, 379, '2003-02-14 13:25', '2003-02-14 14:25'),
(1460, 76, '2011-05-26 14:00', '2011-05-26 15:00'),
(1460, 253, '2014-12-05 10:05', '2014-12-05 11:05'),
(1460, 593, '2014-04-26 10:05', '2014-04-26 11:05'),
(1465, 67, '2004-11-10 20:30', '2004-11-10 21:30'),
(1465, 301, '2012-07-10 08:40', '2012-07-10 09:40'),
(1470, 58, '2005-07-09 16:45', '2005-07-09 17:45'),
(1470, 122, '2015-06-26 20:35', '2015-06-26 21:35'),
(1475, 120, '2012-10-31 21:00', '2012-10-31 21:30'),
(1475, 359, '2007-01-28 12:50', '2007-01-28 13:50'),
(1480, 186, '2014-11-03 11:30', '2014-11-03 12:30'),
(1480, 420, '2006-04-22 20:40', '2006-04-22 21:40'),
(1485, 24, '2001-09-22 12:50', '2001-09-22 14:50'),
(1485, 117, '2013-06-30 17:50', '2013-06-30 18:50'),
(1490, 359, '2011-07-01 08:45', '2011-07-01 09:45'),
(1490, 525, '2014-11-06 12:50', '2014-11-06 13:50'),
(1495, 306, '2012-01-28 10:40', '2012-01-28 11:40'),
(1495, 365, '2012-02-07 11:50', '2012-02-07 13:50'),
(1500, 302, '2003-10-14 06:35', '2003-10-14 08:35'),
(1500, 526, '2001-06-18 16:40', '2001-06-18 18:40'),
(1505, 98, '2001-10-06 20:20', '2001-10-06 21:20'),
(1505, 544, '2001-07-17 13:05', '2001-07-17 15:05'),
(1510, 423, '2011-04-04 12:00', '2011-04-04 14:00'),
(1515, 74, '2011-11-10 20:30', '2011-11-10 21:30'),
(1520, 431, '2005-11-19 10:20', '2005-11-19 11:20'),
(1525, 429, '2009-06-20 11:10', '2009-06-20 13:10'),
(1530, 419, '2002-11-04 20:50', '2002-11-04 21:50'),
(1535, 76, '2009-06-20 20:50', '2009-06-20 21:50'),
(1540, 298, '2012-05-31 11:20', '2012-05-31 12:20'),
(1545, 245, '2003-05-28 14:45', '2003-05-28 15:45'),
(1550, 155, '2006-01-31 13:00', '2006-01-31 14:00'),
(1555, 234, '2015-03-15 20:00', '2015-03-15 21:00'),
(1560, 298, '2008-06-24 07:30', '2008-06-24 10:30'),
(1565, 205, '2001-10-22 08:45', '2001-10-22 10:45'),
(1570, 32, '2007-07-20 19:00', '2007-07-20 20:00'),
(1575, 352, '2007-03-09 21:00', '2007-03-09 21:40'),
(1580, 376, '2001-06-30 07:30', '2001-06-30 09:30'),
(1585, 70, '2012-05-15 13:45', '2012-05-15 14:45'),
(1590, 383, '2001-05-30 11:00', '2001-05-30 12:00'),
(1595, 415, '2006-10-21 16:15', '2006-10-21 17:15'),
(1600, 441, '2012-09-11 12:20', '2012-09-11 13:20'),
(1605, 38, '2008-10-06 11:00', '2008-10-06 13:00'),
(1610, 126, '2015-03-14 16:45', '2015-03-14 17:45'),
(1615, 379, '2001-07-16 14:45', '2001-07-16 15:45'),
(1620, 324, '2008-08-27 07:20', '2008-08-27 09:20'),
(1625, 81, '2012-03-03 18:20', '2012-03-03 19:20'),
(1630, 242, '2005-10-16 13:25', '2005-10-16 14:25'),
(1635, 18, '2013-07-26 18:50', '2013-07-26 19:50'),
(1640, 299, '2010-04-20 20:45', '2010-04-20 21:45'),
(1645, 68, '2002-01-23 15:35', '2002-01-23 16:35'),
(1650, 227, '2013-07-12 14:05', '2013-07-12 15:05'),
(1655, 432, '2003-05-11 06:45', '2003-05-11 08:45'),
(1660, 421, '2003-04-28 20:35', '2003-04-28 21:35'),
(1665, 153, '2015-06-24 10:35', '2015-06-24 11:35'),
(1670, 50, '2011-06-01 10:20', '2011-06-01 11:20'),
(1675, 58, '2014-11-29 18:45', '2014-11-29 19:45'),
(1680, 7, '2014-06-02 15:00', '2014-06-02 16:00'),
(1685, 366, '2006-07-16 13:25', '2006-07-16 14:25'),
(1690, 243, '2008-01-15 11:30', '2008-01-15 12:30'),
(1695, 353, '2009-12-21 13:25', '2009-12-21 14:25'),
(1700, 1, '2012-09-07 11:10', '2012-09-07 12:10'),
(1705, 306, '2010-12-10 13:15', '2010-12-10 14:15'),
(1710, 44, '2009-11-05 11:00', '2009-11-05 13:30'),
(1715, 538, '2002-10-20 20:35', '2002-10-20 21:35'),
(1720, 370, '2012-05-12 11:00', '2012-05-12 12:00'),
(1725, 380, '2003-08-27 12:35', '2003-08-27 13:35'),
(1730, 170, '2006-10-29 18:15', '2006-10-29 19:15'),
(1735, 247, '2013-08-07 14:00', '2013-08-07 15:00'),
(1740, 75, '2009-01-07 11:30', '2009-01-07 13:30'),
(1745, 12, '2012-03-24 11:35', '2012-03-24 12:35'),
(1750, 34, '2014-04-24 06:45', '2014-04-24 08:45'),
(1755, 95, '2001-02-28 13:35', '2001-02-28 15:35'),
(1760, 9, '2008-06-06 13:10', '2008-06-06 14:20'),
(1765, 92, '2001-12-21 15:20', '2001-12-21 17:20'),
(1770, 213, '2006-01-27 13:40', '2006-01-27 14:40'),
(1775, 189, '2002-01-10 20:15', '2002-01-10 21:15'),
(1780, 540, '2012-07-07 11:15', '2012-07-07 13:15'),
(1785, 10, '2006-03-03 11:30', '2006-03-03 13:30'),
(1790, 48, '2006-11-28 13:35', '2006-11-28 14:35'),
(1795, 68, '2007-08-26 13:05', '2007-08-26 14:05'),
(1800, 404, '2010-03-13 07:35', '2010-03-13 09:35'),
(1805, 403, '2012-05-11 10:50', '2012-05-11 11:50'),
(1810, 410, '2002-08-21 06:40', '2002-08-21 08:20'),
(1815, 12, '2011-05-23 08:20', '2011-05-23 09:20'),
(1820, 82, '2010-10-23 13:20', '2010-10-23 14:20'),
(1825, 364, '2014-08-25 15:45', '2014-08-25 16:45'),
(1830, 100, '2012-04-04 13:20', '2012-04-04 15:20'),
(1835, 378, '2005-01-16 14:45', '2005-01-16 16:45'),
(1840, 127, '2006-01-24 18:25', '2006-01-24 19:25'),
(1845, 535, '2007-10-04 13:55', '2007-10-04 15:55'),
(1850, 45, '2013-01-28 20:30', '2013-01-28 21:30'),
(1855, 45, '2004-12-15 11:15', '2004-12-15 12:15'),
(1855, 45, '2013-01-28 20:00', '2013-01-28 21:00'),
(1860, 99, '2005-07-24 11:30', '2005-07-24 12:00'),
(1865, 350, '2002-11-03 10:05', '2002-11-03 11:05'),
(1870, 36, '2012-09-27 20:40', '2012-09-27 21:40'),
(1875, 329, '2009-12-16 12:50', '2009-12-16 13:50'),
(1880, 64, '2015-09-20 12:50', '2015-09-20 13:50'),
(1885, 408, '2010-07-13 11:50', '2010-07-13 13:50'),
(1890, 319, '2009-02-24 06:35', '2009-02-24 08:35'),
(1895, 17, '2002-04-03 12:50', '2002-04-03 14:50');

-- --------------------------------------------------------

--
-- Table structure for table `student`
--

CREATE TABLE `student` (
  `StudentID` int(10) NOT NULL,
  `YearStart` int(4) NOT NULL,
  `YearEnd` int(4) DEFAULT NULL
) ENGINE=InnoDB DEFAULT CHARSET=utf8mb4;

--
-- Dumping data for table `student`
--

INSERT INTO `student` (`StudentID`, `YearStart`, `YearEnd`) VALUES
(1, 2007, 2011),
(2, 2008, 2009),
(3, 2008, 2009),
(4, 2005, 2010),
(5, 2007, 2012),
(6, 2005, 2012),
(7, 2006, 2010),
(8, 2006, 2010),
(9, 2007, 2011),
(10, 2007, 2010),
(11, 2006, 2009),
(12, 2005, 2010),
(13, 2008, 2012),
(14, 2007, 2011),
(15, 2008, 2010),
(16, 2007, 2012),
(17, 2005, 2010),
(18, 2006, 2010),
(19, 2005, 2011),
(20, 2008, 2010),
(21, 2005, 2012),
(22, 2005, 2010),
(23, 2007, 2010),
(24, 2008, 2011),
(25, 2007, 2011),
(26, 2006, 2009),
(27, 2007, 2011),
(28, 2008, 2012),
(29, 2005, 2009),
(30, 2005, 2012),
(31, 2008, 2009),
(32, 2006, 2011),
(33, 2006, 2012),
(34, 2006, 2010),
(35, 2007, 2012),
(36, 2006, 2011),
(37, 2005, 2010),
(38, 2006, 2011),
(39, 2007, 2009),
(40, 2005, 2009),
(41, 2006, 2011),
(42, 2008, 2009),
(43, 2005, 2009),
(44, 2007, 2010),
(45, 2007, 2009),
(46, 2007, 2010),
(47, 2007, 2010),
(48, 2007, 2010),
(49, 2006, 2012),
(50, 2006, 2012),
(51, 2008, 2009),
(52, 2007, 2009),
(53, 2008, 2010),
(54, 2005, 2012),
(55, 2008, 2012),
(56, 2008, 2010),
(57, 2008, 2009),
(58, 2007, 2011),
(59, 2007, 2011),
(60, 2006, 2010),
(61, 2006, 2011),
(62, 2005, 2012),
(63, 2008, 2012),
(64, 2007, 2011),
(65, 2008, 2009),
(66, 2007, 2010),
(67, 2006, 2012),
(68, 2006, 2012),
(69, 2008, 2012),
(70, 2008, 2011),
(71, 2007, 2011),
(72, 2006, 2011),
(73, 2008, 2012),
(74, 2007, 2010),
(75, 2008, 2009),
(76, 2008, 2010),
(77, 2006, 2011),
(78, 2007, 2010),
(79, 2008, 2012),
(80, 2008, 2012),
(81, 2007, 2011),
(82, 2005, 2009),
(83, 2007, 2009),
(84, 2008, 2012),
(85, 2005, 2012),
(86, 2006, 2009),
(87, 2005, 2011),
(88, 2005, 2012),
(89, 2006, 2009),
(90, 2007, 2012),
(91, 2008, 2009),
(92, 2006, 2010),
(93, 2008, 2010),
(94, 2006, 2010),
(95, 2005, 2009),
(96, 2007, 2009),
(97, 2005, 2012),
(98, 2008, 2012),
(99, 2006, 2009),
(100, 2005, 2012),
(101, 2009, 2011),
(102, 2007, 2015),
(103, 2007, 2012),
(104, 2009, 2012),
(105, 2009, 2013),
(106, 2009, 2011),
(107, 2010, 2013),
(108, 2010, 2014),
(109, 2008, 2013),
(110, 2010, 2013),
(111, 2010, 2011),
(112, 2010, 2015),
(113, 2007, 2012),
(114, 2008, 2012),
(115, 2009, 2015),
(116, 2009, 2013),
(117, 2008, 2014),
(118, 2008, 2015),
(119, 2009, 2015),
(120, 2010, 2013),
(121, 2007, 2015),
(122, 2010, 2015),
(123, 2009, 2015),
(124, 2007, 2015),
(125, 2010, 2014),
(126, 2009, 2014),
(127, 2009, 2011),
(128, 2008, 2014),
(129, 2008, 2014),
(130, 2009, 2012),
(131, 2009, 2015),
(132, 2010, 2011),
(133, 2010, 2014),
(134, 2008, 2015),
(135, 2007, 2014),
(136, 2009, 2012),
(137, 2009, 2012),
(138, 2008, 2015),
(139, 2008, 2013),
(140, 2010, 2014),
(141, 2007, 2014),
(142, 2007, 2011),
(143, 2010, 2013),
(144, 2010, 2011),
(145, 2009, 2014),
(146, 2008, 2013),
(147, 2010, 2013),
(148, 2008, 2013),
(149, 2009, 2012),
(150, 2008, 2015),
(151, 2009, 2012),
(152, 2008, 2011),
(153, 2008, 2014),
(154, 2008, 2015),
(155, 2007, 2014),
(156, 2007, 2011),
(157, 2009, 2013),
(158, 2007, 2012),
(159, 2008, 2012),
(160, 2007, 2011),
(161, 2007, 2015),
(162, 2008, 2012),
(163, 2010, 2012),
(164, 2009, 2013),
(165, 2008, 2012),
(166, 2010, 2015),
(167, 2008, 2012),
(168, 2009, 2014),
(169, 2007, 2015),
(170, 2010, 2013),
(171, 2008, 2012),
(172, 2010, 2013),
(173, 2008, 2014),
(174, 2008, 2013),
(175, 2009, 2015),
(176, 2008, 2012),
(177, 2007, 2014),
(178, 2009, 2012),
(179, 2009, 2014),
(180, 2008, 2011),
(181, 2010, 2015),
(182, 2007, 2011),
(183, 2008, 2011),
(184, 2007, 2014),
(185, 2008, 2013),
(186, 2009, 2012),
(187, 2008, 2014),
(188, 2009, 2012),
(189, 2009, 2013),
(190, 2010, 2011),
(191, 2008, 2012),
(192, 2007, 2013),
(193, 2009, 2014),
(194, 2007, 2015),
(195, 2008, 2015),
(196, 2009, 2012),
(197, 2009, 2011),
(198, 2009, 2012),
(199, 2010, 2015),
(200, 2009, 2015),
(201, 2012, 2015),
(202, 2013, 2015),
(203, 2012, 2015),
(204, 2012, 2015),
(205, 2014, 2015),
(206, 2011, 2015),
(207, 2014, 2015),
(208, 2011, 2015),
(209, 2013, 2015),
(210, 2011, 2015),
(211, 2011, 2015),
(212, 2014, 2015),
(213, 2012, 2015),
(214, 2013, 2015),
(215, 2014, 2015),
(216, 2013, 2015),
(217, 2014, 2015),
(218, 2014, 2015),
(219, 2011, 2015),
(220, 2014, 2015),
(221, 2012, 2015),
(222, 2012, 2015),
(223, 2012, 2015),
(224, 2013, 2015),
(225, 2013, 2015),
(226, 2014, 2015),
(227, 2014, 2015),
(228, 2013, 2015),
(229, 2011, 2015),
(230, 2011, 2015),
(231, 2014, 2015),
(232, 2014, 2015),
(233, 2012, 2015),
(234, 2013, 2015),
(235, 2013, 2015),
(236, 2014, 2015),
(237, 2013, 2015),
(238, 2011, 2015),
(239, 2011, 2015),
(240, 2013, 2015),
(241, 2012, 2015),
(242, 2011, 2015),
(243, 2011, 2015),
(244, 2014, 2015),
(245, 2013, 2015),
(246, 2012, 2015),
(247, 2013, 2015),
(248, 2012, 2015),
(249, 2011, 2015),
(250, 2013, 2015),
(251, 2013, 2015),
(252, 2011, 2015),
(253, 2013, 2015),
(254, 2013, 2015),
(255, 2011, 2015),
(256, 2014, 2015),
(257, 2011, 2015),
(258, 2011, 2015),
(259, 2013, 2015),
(260, 2012, 2015),
(261, 2012, 2015),
(262, 2012, 2015),
(263, 2012, 2015),
(264, 2012, 2015),
(265, 2013, 2015),
(266, 2013, 2015),
(267, 2012, 2015),
(268, 2014, 2015),
(269, 2011, 2015),
(270, 2012, 2015),
(271, 2014, 2015),
(272, 2012, 2015),
(273, 2014, 2015),
(274, 2012, 2015),
(275, 2014, 2015),
(276, 2011, 2015),
(277, 2014, 2015),
(278, 2012, 2015),
(279, 2013, 2015),
(280, 2014, 2015),
(281, 2013, 2015),
(282, 2013, 2015),
(283, 2013, 2015),
(284, 2013, 2015),
(285, 2012, 2015),
(286, 2011, 2015),
(287, 2013, 2015),
(288, 2011, 2015),
(289, 2013, 2015),
(290, 2012, 2015),
(291, 2013, 2015),
(292, 2014, 2015),
(293, 2012, 2015),
(294, 2013, 2015),
(295, 2011, 2015),
(296, 2014, 2015),
(297, 2013, 2015),
(298, 2012, 2015),
(299, 2013, 2015),
(300, 2013, 2015),
(301, 2005, 2007),
(302, 2001, 2006),
(303, 2004, 2006),
(304, 2001, 2008),
(305, 2000, 2007),
(306, 2001, 2008),
(307, 2001, 2007),
(308, 2004, 2007),
(309, 2001, 2007),
(310, 2002, 2006),
(311, 2000, 2008),
(312, 2000, 2007),
(313, 2004, 2008),
(314, 2001, 2006),
(315, 2000, 2007),
(316, 2004, 2006),
(317, 2005, 2006),
(318, 2001, 2008),
(319, 2001, 2008),
(320, 2005, 2007),
(321, 2002, 2007),
(322, 2005, 2008),
(323, 2001, 2008),
(324, 2000, 2007),
(325, 2001, 2007),
(326, 2000, 2008),
(327, 2001, 2007),
(328, 2002, 2007),
(329, 2000, 2007),
(330, 2000, 2006),
(331, 2004, 2006),
(332, 2001, 2007),
(333, 2002, 2008),
(334, 2000, 2006),
(335, 2000, 2007),
(336, 2003, 2007),
(337, 2001, 2007),
(338, 2001, 2006),
(339, 2001, 2007),
(340, 2005, 2008),
(341, 2005, 2008),
(342, 2002, 2006),
(343, 2005, 2006),
(344, 2004, 2008),
(345, 2003, 2008),
(346, 2000, 2006),
(347, 2001, 2007),
(348, 2005, 2006),
(349, 2003, 2006),
(350, 2005, 2008),
(351, 2002, 2007),
(352, 2001, 2006),
(353, 2003, 2008),
(354, 2000, 2006),
(355, 2001, 2008),
(356, 2000, 2006),
(357, 2002, 2008),
(358, 2000, 2007),
(359, 2001, 2008),
(360, 2005, 2008),
(361, 2004, 2006),
(362, 2005, 2008),
(363, 2000, 2007),
(364, 2005, 2007),
(365, 2004, 2007),
(366, 2001, 2008),
(367, 2005, 2007),
(368, 2003, 2008),
(369, 2002, 2006),
(370, 2001, 2008),
(371, 2004, 2008),
(372, 2000, 2008),
(373, 2003, 2007),
(374, 2004, 2008),
(375, 2002, 2006),
(376, 2000, 2007),
(377, 2003, 2008),
(378, 2002, 2007),
(379, 2005, 2006),
(380, 2001, 2007),
(381, 2000, 2007),
(382, 2004, 2008),
(383, 2003, 2008),
(384, 2003, 2006),
(385, 2000, 2006),
(386, 2002, 2008),
(387, 2003, 2008),
(388, 2001, 2008),
(389, 2004, 2008),
(390, 2002, 2008),
(391, 2005, 2006),
(392, 2002, 2008),
(393, 2005, 2008),
(394, 2004, 2008),
(395, 2000, 2006),
(396, 2005, 2008),
(397, 2003, 2007),
(398, 2003, 2007),
(399, 2004, 2008),
(400, 2001, 2008),
(401, 2004, NULL),
(402, 2010, NULL),
(403, 2002, NULL),
(404, 2003, NULL),
(405, 2008, NULL),
(406, 2007, NULL),
(407, 2003, NULL),
(408, 2006, NULL),
(409, 2006, NULL),
(410, 2006, NULL),
(411, 2007, NULL),
(412, 2010, NULL),
(413, 2000, NULL),
(414, 2005, NULL),
(415, 2004, NULL),
(416, 2007, NULL),
(417, 2009, NULL),
(418, 2007, NULL),
(419, 2005, NULL),
(420, 2008, NULL),
(421, 2003, NULL),
(422, 2006, NULL),
(423, 2002, NULL),
(424, 2001, NULL),
(425, 2002, NULL),
(426, 2003, NULL),
(427, 2010, NULL),
(428, 2007, NULL),
(429, 2004, NULL),
(430, 2007, NULL),
(431, 2002, NULL),
(432, 2009, NULL),
(433, 2010, NULL),
(434, 2009, NULL),
(435, 2005, NULL),
(436, 2009, NULL),
(437, 2001, NULL),
(438, 2002, NULL),
(439, 2007, NULL),
(440, 2005, NULL),
(441, 2003, NULL),
(442, 2005, NULL),
(443, 2002, NULL),
(444, 2001, NULL),
(445, 2002, NULL),
(446, 2010, NULL),
(447, 2000, NULL),
(448, 2004, NULL),
(449, 2006, NULL),
(450, 2002, NULL),
(451, 2007, NULL),
(452, 2009, NULL),
(453, 2010, NULL),
(454, 2000, NULL),
(455, 2004, NULL),
(456, 2005, NULL),
(457, 2000, NULL),
(458, 2006, NULL),
(459, 2009, NULL),
(460, 2001, NULL),
(461, 2004, NULL),
(462, 2010, NULL),
(463, 2000, NULL),
(464, 2000, NULL),
(465, 2010, NULL),
(466, 2007, NULL),
(467, 2005, NULL),
(468, 2010, NULL),
(469, 2009, NULL),
(470, 2002, NULL),
(471, 2010, NULL),
(472, 2001, NULL),
(473, 2001, NULL),
(474, 2008, NULL),
(475, 2004, NULL),
(476, 2006, NULL),
(477, 2002, NULL),
(478, 2005, NULL),
(479, 2010, NULL),
(480, 2009, NULL),
(481, 2005, NULL),
(482, 2004, NULL),
(483, 2002, NULL),
(484, 2010, NULL),
(485, 2000, NULL),
(486, 2010, NULL),
(487, 2007, NULL),
(488, 2004, NULL),
(489, 2010, NULL),
(490, 2004, NULL),
(491, 2007, NULL),
(492, 2003, NULL),
(493, 2009, NULL),
(494, 2008, NULL),
(495, 2007, NULL),
(496, 2002, NULL),
(497, 2000, NULL),
(498, 2008, NULL),
(499, 2009, NULL),
(500, 2005, NULL),
(501, 2011, NULL),
(502, 2014, NULL),
(503, 2011, NULL),
(504, 2012, NULL),
(505, 2011, NULL),
(506, 2011, NULL),
(507, 2014, NULL),
(508, 2012, NULL),
(509, 2014, NULL),
(510, 2014, NULL),
(511, 2013, NULL),
(512, 2013, NULL),
(513, 2013, NULL),
(514, 2012, NULL),
(515, 2013, NULL),
(516, 2012, NULL),
(517, 2014, NULL),
(518, 2013, NULL),
(519, 2011, NULL),
(520, 2011, NULL),
(521, 2014, NULL),
(522, 2012, NULL),
(523, 2012, NULL),
(524, 2014, NULL),
(525, 2011, NULL),
(526, 2011, NULL),
(527, 2012, NULL),
(528, 2014, NULL),
(529, 2011, NULL),
(530, 2014, NULL),
(531, 2014, NULL),
(532, 2013, NULL),
(533, 2013, NULL),
(534, 2012, NULL),
(535, 2012, NULL),
(536, 2014, NULL),
(537, 2012, NULL),
(538, 2012, NULL),
(539, 2014, NULL),
(540, 2011, NULL),
(541, 2013, NULL),
(542, 2011, NULL),
(543, 2011, NULL),
(544, 2013, NULL),
(545, 2011, NULL),
(546, 2011, NULL),
(547, 2012, NULL),
(548, 2012, NULL),
(549, 2012, NULL),
(550, 2011, NULL),
(551, 2011, NULL),
(552, 2011, NULL),
(553, 2011, NULL),
(554, 2013, NULL),
(555, 2014, NULL),
(556, 2011, NULL),
(557, 2012, NULL),
(558, 2012, NULL),
(559, 2012, NULL),
(560, 2014, NULL),
(561, 2011, NULL),
(562, 2012, NULL),
(563, 2013, NULL),
(564, 2013, NULL),
(565, 2011, NULL),
(566, 2013, NULL),
(567, 2014, NULL),
(568, 2012, NULL),
(569, 2011, NULL),
(570, 2011, NULL),
(571, 2012, NULL),
(572, 2011, NULL),
(573, 2012, NULL),
(574, 2013, NULL),
(575, 2014, NULL),
(576, 2013, NULL),
(577, 2013, NULL),
(578, 2012, NULL),
(579, 2014, NULL),
(580, 2011, NULL),
(581, 2012, NULL),
(582, 2014, NULL),
(583, 2013, NULL),
(584, 2013, NULL),
(585, 2012, NULL),
(586, 2013, NULL),
(587, 2013, NULL),
(588, 2012, NULL),
(589, 2011, NULL),
(590, 2013, NULL),
(591, 2013, NULL),
(592, 2013, NULL),
(593, 2011, NULL),
(594, 2013, NULL),
(595, 2013, NULL),
(596, 2013, NULL),
(597, 2014, NULL),
(598, 2011, NULL),
(599, 2013, NULL),
(600, 2012, NULL),
(601, 2012, 2015),
(602, 2010, 2015),
(603, 2010, 2015),
(604, 2013, 2015),
(605, 2011, 2015),
(606, 2010, 2015),
(607, 2011, 2015),
(608, 2010, 2015),
(609, 2010, 2015),
(610, 2010, 2015),
(611, 2013, 2015),
(612, 2013, 2015),
(613, 2011, 2015),
(614, 2013, 2015),
(615, 2011, 2015),
(616, 2011, 2015),
(617, 2011, 2015),
(618, 2013, 2015),
(619, 2010, 2015),
(620, 2013, 2015),
(621, 2011, 2015),
(622, 2013, 2015),
(623, 2012, 2015),
(624, 2010, 2015),
(625, 2011, 2015),
(626, 2011, 2015),
(627, 2013, 2015),
(628, 2013, 2015),
(629, 2013, 2015),
(630, 2011, 2015),
(631, 2010, 2015),
(632, 2013, 2015),
(633, 2013, 2015),
(634, 2011, 2015),
(635, 2010, 2015),
(636, 2011, 2015),
(637, 2011, 2015),
(638, 2010, 2015),
(639, 2012, 2015),
(640, 2010, 2015),
(641, 2010, 2015),
(642, 2013, 2015),
(643, 2012, 2015),
(644, 2012, 2015),
(645, 2012, 2015),
(646, 2012, 2015),
(647, 2011, 2015),
(648, 2011, 2015),
(649, 2012, 2015),
(650, 2010, 2015),
(651, 2010, 2015),
(652, 2012, 2015),
(653, 2010, 2015),
(654, 2011, 2015),
(655, 2011, 2015),
(656, 2012, 2015),
(657, 2010, 2015),
(658, 2012, 2015),
(659, 2012, 2015),
(660, 2010, 2015),
(661, 2013, 2015),
(662, 2013, 2015),
(663, 2010, 2015),
(664, 2011, 2015),
(665, 2010, 2015),
(666, 2010, 2015),
(667, 2010, 2015),
(668, 2010, 2015),
(669, 2011, 2015),
(670, 2011, 2015),
(671, 2011, 2015),
(672, 2013, 2015),
(673, 2013, 2015),
(674, 2012, 2015),
(675, 2011, 2015),
(676, 2012, 2015),
(677, 2012, 2015),
(678, 2010, 2015),
(679, 2010, 2015),
(680, 2012, 2015),
(681, 2013, 2015),
(682, 2012, 2015),
(683, 2013, 2015),
(684, 2011, 2015),
(685, 2011, 2015),
(686, 2010, 2015),
(687, 2011, 2015),
(688, 2010, 2015),
(689, 2011, 2015),
(690, 2012, 2015),
(691, 2013, 2015),
(692, 2012, 2015),
(693, 2013, 2015),
(694, 2013, 2015),
(695, 2013, 2015),
(696, 2012, 2015),
(697, 2012, 2015),
(698, 2012, 2015),
(699, 2010, 2015),
(700, 2013, 2015),
(701, 2008, 2013),
(702, 2007, 2015),
(703, 2006, 2013),
(704, 2007, 2014),
(705, 2006, 2013),
(706, 2008, 2015),
(707, 2008, 2013),
(708, 2006, 2013),
(709, 2006, 2014),
(710, 2008, 2015),
(711, 2008, 2015),
(712, 2007, 2013),
(713, 2010, 2013),
(714, 2009, 2015),
(715, 2010, 2013),
(716, 2006, 2015),
(717, 2008, 2013),
(718, 2008, 2015),
(719, 2010, 2015),
(720, 2011, 2014),
(721, 2006, 2014),
(722, 2010, 2013),
(723, 2011, 2013),
(724, 2007, 2013),
(725, 2011, 2014),
(726, 2006, 2015),
(727, 2008, 2015),
(728, 2009, 2013),
(729, 2010, 2015),
(730, 2011, 2015),
(731, 2009, 2013),
(732, 2008, 2015),
(733, 2008, 2015),
(734, 2011, 2015),
(735, 2008, 2013),
(736, 2011, 2013),
(737, 2011, 2015),
(738, 2008, 2014),
(739, 2011, 2013),
(740, 2006, 2015),
(741, 2011, 2015),
(742, 2010, 2013),
(743, 2007, 2013),
(744, 2006, 2014),
(745, 2008, 2014),
(746, 2009, 2013),
(747, 2008, 2014),
(748, 2008, 2014),
(749, 2007, 2013),
(750, 2006, 2015),
(751, 2010, 2013),
(752, 2008, 2015),
(753, 2009, 2015),
(754, 2009, 2013),
(755, 2007, 2015),
(756, 2010, 2013),
(757, 2010, 2013),
(758, 2006, 2013),
(759, 2007, 2014),
(760, 2008, 2014),
(761, 2011, 2014),
(762, 2007, 2014),
(763, 2011, 2013),
(764, 2008, 2015),
(765, 2006, 2015),
(766, 2008, 2015),
(767, 2010, 2013),
(768, 2011, 2014),
(769, 2009, 2014),
(770, 2008, 2014),
(771, 2007, 2015),
(772, 2010, 2013),
(773, 2006, 2014),
(774, 2007, 2015),
(775, 2008, 2014),
(776, 2007, 2013),
(777, 2006, 2015),
(778, 2009, 2015),
(779, 2007, 2013),
(780, 2008, 2015),
(781, 2009, 2014),
(782, 2011, 2014),
(783, 2009, 2015),
(784, 2010, 2014),
(785, 2006, 2015),
(786, 2009, 2013),
(787, 2010, 2013),
(788, 2006, 2015),
(789, 2007, 2014),
(790, 2009, 2014),
(791, 2007, 2014),
(792, 2010, 2013),
(793, 2008, 2014),
(794, 2011, 2015),
(795, 2011, 2013),
(796, 2006, 2015),
(797, 2011, 2015),
(798, 2007, 2013),
(799, 2009, 2013),
(800, 2010, 2013),
(801, 2004, 2011),
(802, 2010, 2011),
(803, 2010, 2012),
(804, 2010, 2013),
(805, 2007, 2011),
(806, 2002, 2011),
(807, 2000, 2012),
(808, 2006, 2013),
(809, 2001, 2011),
(810, 2008, 2012),
(811, 2006, 2013),
(812, 2002, 2012),
(813, 2003, 2012),
(814, 2010, 2012),
(815, 2001, 2012),
(816, 2010, 2011),
(817, 2001, 2012),
(818, 2008, 2012),
(819, 2004, 2011),
(820, 2005, 2011),
(821, 2008, 2013),
(822, 2006, 2012),
(823, 2009, 2013),
(824, 2007, 2011),
(825, 2007, 2012),
(826, 2001, 2012),
(827, 2000, 2012),
(828, 2003, 2013),
(829, 2000, 2013),
(830, 2002, 2012),
(831, 2004, 2012),
(832, 2008, 2012),
(833, 2005, 2013),
(834, 2000, 2012),
(835, 2001, 2011),
(836, 2009, 2012),
(837, 2010, 2012),
(838, 2005, 2011),
(839, 2010, 2011),
(840, 2006, 2012),
(841, 2001, 2012),
(842, 2009, 2011),
(843, 2005, 2013),
(844, 2009, 2011),
(845, 2005, 2012),
(846, 2005, 2012),
(847, 2006, 2011),
(848, 2001, 2012),
(849, 2003, 2012),
(850, 2009, 2012),
(851, 2008, 2013),
(852, 2001, 2011),
(853, 2008, 2012),
(854, 2007, 2012),
(855, 2007, 2011),
(856, 2009, 2011),
(857, 2000, 2011),
(858, 2007, 2013),
(859, 2000, 2013),
(860, 2008, 2013),
(861, 2007, 2013),
(862, 2007, 2013),
(863, 2003, 2011),
(864, 2007, 2011),
(865, 2001, 2012),
(866, 2008, 2011),
(867, 2008, 2012),
(868, 2005, 2012),
(869, 2004, 2012),
(870, 2001, 2013),
(871, 2005, 2013),
(872, 2009, 2011),
(873, 2008, 2013),
(874, 2003, 2011),
(875, 2001, 2012),
(876, 2006, 2013),
(877, 2002, 2011),
(878, 2002, 2012),
(879, 2007, 2013),
(880, 2010, 2011),
(881, 2003, 2012),
(882, 2006, 2013),
(883, 2006, 2013),
(884, 2005, 2011),
(885, 2010, 2012),
(886, 2009, 2013),
(887, 2005, 2013),
(888, 2005, 2013),
(889, 2003, 2012),
(890, 2010, 2013),
(891, 2006, 2013),
(892, 2004, 2012),
(893, 2008, 2011),
(894, 2008, 2011),
(895, 2008, 2012),
(896, 2005, 2012),
(897, 2008, 2011),
(898, 2009, 2011),
(899, 2008, 2011),
(900, 2003, 2011),
(901, 2012, NULL),
(902, 2013, NULL),
(903, 2012, NULL),
(904, 2013, NULL),
(905, 2009, NULL),
(906, 2010, NULL),
(907, 2013, NULL),
(908, 2012, NULL),
(909, 2009, NULL),
(910, 2009, NULL),
(911, 2009, NULL),
(912, 2010, NULL),
(913, 2013, NULL),
(914, 2011, NULL),
(915, 2009, NULL),
(916, 2010, NULL),
(917, 2013, NULL),
(918, 2011, NULL),
(919, 2012, NULL),
(920, 2013, NULL),
(921, 2010, NULL),
(922, 2010, NULL),
(923, 2011, NULL),
(924, 2011, NULL),
(925, 2012, NULL),
(926, 2010, NULL),
(927, 2010, NULL),
(928, 2009, NULL),
(929, 2010, NULL),
(930, 2010, NULL),
(931, 2011, NULL),
(932, 2012, NULL),
(933, 2013, NULL),
(934, 2009, NULL),
(935, 2013, NULL),
(936, 2011, NULL),
(937, 2013, NULL),
(938, 2010, NULL),
(939, 2010, NULL),
(940, 2009, NULL),
(941, 2009, NULL),
(942, 2009, NULL),
(943, 2009, NULL),
(944, 2012, NULL),
(945, 2013, NULL),
(946, 2012, NULL),
(947, 2013, NULL),
(948, 2013, NULL),
(949, 2013, NULL),
(950, 2013, NULL),
(951, 2012, NULL),
(952, 2010, NULL),
(953, 2012, NULL),
(954, 2011, NULL),
(955, 2011, NULL),
(956, 2013, NULL),
(957, 2009, NULL),
(958, 2013, NULL),
(959, 2012, NULL),
(960, 2013, NULL),
(961, 2009, NULL),
(962, 2011, NULL),
(963, 2013, NULL),
(964, 2011, NULL),
(965, 2013, NULL),
(966, 2013, NULL),
(967, 2011, NULL),
(968, 2011, NULL),
(969, 2010, NULL),
(970, 2012, NULL),
(971, 2013, NULL),
(972, 2013, NULL),
(973, 2011, NULL),
(974, 2010, NULL),
(975, 2011, NULL),
(976, 2010, NULL),
(977, 2012, NULL),
(978, 2010, NULL),
(979, 2013, NULL),
(980, 2009, NULL),
(981, 2009, NULL),
(982, 2010, NULL),
(983, 2009, NULL),
(984, 2013, NULL),
(985, 2009, NULL),
(986, 2012, NULL),
(987, 2009, NULL),
(988, 2011, NULL),
(989, 2013, NULL),
(990, 2010, NULL),
(991, 2013, NULL),
(992, 2009, NULL),
(993, 2009, NULL),
(994, 2012, NULL),
(995, 2010, NULL),
(996, 2010, NULL),
(997, 2012, NULL),
(998, 2013, NULL),
(999, 2010, NULL),
(1000, 2009, NULL),
(10010, 2000, 2003),
(10201, 2000, 2004);

-- --------------------------------------------------------

--
-- Table structure for table `teacher`
--

CREATE TABLE `teacher` (
  `TeacherID` int(10) NOT NULL,
  `IsCurrent` int(1) NOT NULL
) ENGINE=InnoDB DEFAULT CHARSET=utf8mb4;

--
-- Dumping data for table `teacher`
--

INSERT INTO `teacher` (`TeacherID`, `IsCurrent`) VALUES
(10000, 0),
(10001, 1),
(10002, 1),
(10003, 0),
(10004, 1),
(10005, 1),
(10006, 0),
(10007, 0),
(10008, 0),
(10009, 1),
(10010, 1),
(10011, 0),
(10012, 1),
(10013, 0),
(10014, 1),
(10015, 0),
(10016, 1),
(10017, 1),
(10018, 0),
(10019, 0),
(10020, 0),
(10021, 1),
(10022, 1),
(10023, 0),
(10024, 1),
(10025, 0),
(10026, 0),
(10027, 1),
(10028, 1),
(10029, 0),
(10030, 0),
(10031, 1),
(10032, 0),
(10033, 1),
(10034, 0),
(10035, 0),
(10036, 0),
(10037, 0),
(10038, 1),
(10039, 1),
(10040, 0),
(10041, 0),
(10042, 0),
(10043, 1),
(10044, 0),
(10045, 0),
(10046, 1),
(10047, 0),
(10048, 0),
(10049, 0),
(10050, 1),
(10051, 0),
(10052, 0),
(10053, 0),
(10054, 1),
(10055, 1),
(10056, 1),
(10057, 1),
(10058, 1),
(10059, 1),
(10060, 1),
(10061, 0),
(10062, 0),
(10063, 1),
(10064, 0),
(10065, 1),
(10066, 0),
(10067, 1),
(10068, 1),
(10069, 0),
(10070, 0),
(10071, 1),
(10072, 0),
(10073, 1),
(10074, 1),
(10075, 0),
(10076, 0),
(10077, 1),
(10078, 0),
(10079, 0),
(10080, 0),
(10081, 1),
(10082, 1),
(10083, 0),
(10084, 0),
(10085, 0),
(10086, 1),
(10087, 0),
(10088, 0),
(10089, 0),
(10090, 0),
(10091, 1),
(10092, 1),
(10093, 1),
(10094, 1),
(10095, 0),
(10096, 0),
(10097, 0),
(10098, 0),
(10099, 1),
(10100, 0),
(10101, 0),
(10102, 1),
(10103, 0),
(10104, 1),
(10105, 0),
(10106, 0),
(10107, 1),
(10108, 0),
(10109, 1),
(10110, 0),
(10111, 1),
(10112, 0),
(10113, 1),
(10114, 0),
(10115, 1),
(10116, 0),
(10117, 0),
(10118, 0),
(10119, 1),
(10120, 1),
(10121, 1),
(10122, 0),
(10123, 1),
(10124, 1),
(10125, 0),
(10126, 1),
(10127, 0),
(10128, 1),
(10129, 0),
(10130, 0),
(10131, 0),
(10132, 1),
(10133, 0),
(10134, 1),
(10135, 0),
(10136, 1),
(10137, 0),
(10138, 1),
(10139, 0),
(10140, 0),
(10141, 1),
(10142, 0),
(10143, 0),
(10144, 1),
(10145, 0),
(10146, 1),
(10147, 1),
(10148, 0),
(10149, 1),
(10150, 0),
(10151, 1),
(10152, 1),
(10153, 1),
(10154, 1),
(10155, 0),
(10156, 0),
(10157, 1),
(10158, 1),
(10159, 0),
(10160, 1),
(10161, 0),
(10162, 1),
(10163, 1),
(10164, 0),
(10165, 1),
(10166, 0),
(10167, 1),
(10168, 0),
(10169, 1),
(10170, 0),
(10171, 0),
(10172, 1),
(10173, 0),
(10174, 0),
(10175, 1),
(10176, 0),
(10177, 0),
(10178, 1),
(10179, 0),
(10180, 1),
(10181, 0),
(10182, 0),
(10183, 1),
(10184, 1),
(10185, 0),
(10186, 1),
(10187, 1),
(10188, 1),
(10189, 0),
(10190, 1),
(10191, 1),
(10192, 0),
(10193, 0),
(10194, 0),
(10195, 0),
(10196, 1),
(10197, 0),
(10198, 0),
(10199, 0),
(10200, 0),
(10201, 1),
(10202, 1),
(10203, 1),
(10204, 1),
(10205, 0),
(10206, 0),
(10207, 1),
(10208, 1),
(10209, 1),
(10210, 0),
(10211, 0),
(10212, 1),
(10213, 0),
(10214, 1),
(10215, 0),
(10216, 0),
(10217, 1),
(10218, 0),
(10219, 1),
(10220, 0),
(10221, 1),
(10222, 1),
(10223, 1),
(10224, 1),
(10225, 0),
(10226, 1),
(10227, 1),
(10228, 0),
(10229, 1),
(10230, 1),
(10231, 1),
(10232, 0),
(10233, 0),
(10234, 0),
(10235, 0),
(10236, 0),
(10237, 0),
(10238, 1),
(10239, 1),
(10240, 1),
(10241, 0),
(10242, 1),
(10243, 1),
(10244, 1),
(10245, 1),
(10246, 0),
(10247, 1),
(10248, 1),
(10249, 0),
(10250, 1),
(10251, 0),
(10252, 0),
(10253, 1),
(10254, 0),
(10255, 0),
(10256, 0),
(10257, 0),
(10258, 0),
(10259, 1),
(10260, 1),
(10261, 1),
(10262, 1),
(10263, 1),
(10264, 1),
(10265, 1),
(10266, 0),
(10267, 1),
(10268, 0),
(10269, 1),
(10270, 1),
(10271, 1),
(10272, 0),
(10273, 0),
(10274, 0),
(10275, 1),
(10276, 1),
(10277, 0),
(10278, 1),
(10279, 1),
(10280, 0),
(10281, 0),
(10282, 1),
(10283, 1),
(10284, 0),
(10285, 0),
(10286, 1),
(10287, 0),
(10288, 0),
(10289, 1),
(10290, 0),
(10291, 1),
(10292, 1),
(10293, 0),
(10294, 0),
(10295, 0),
(10296, 0),
(10297, 0),
(10298, 1),
(10299, 1),
(10300, 1),
(10301, 0),
(10302, 0),
(10303, 1),
(10304, 0),
(10305, 1),
(10306, 1),
(10307, 0),
(10308, 0),
(10309, 0),
(10310, 1),
(10311, 0),
(10312, 1),
(10313, 1),
(10314, 0),
(10315, 1),
(10316, 0),
(10317, 1),
(10318, 0),
(10319, 1),
(10320, 1),
(10321, 1),
(10322, 0),
(10323, 0),
(10324, 1),
(10325, 1),
(10326, 0),
(10327, 0),
(10328, 0),
(10329, 1),
(10330, 1),
(10331, 0),
(10332, 0),
(10333, 1),
(10334, 0),
(10335, 0),
(10336, 1),
(10337, 0),
(10338, 0),
(10339, 1),
(10340, 1),
(10341, 1),
(10342, 1),
(10343, 0),
(10344, 0),
(10345, 1),
(10346, 0),
(10347, 0),
(10348, 0),
(10349, 1),
(10350, 1),
(10351, 1),
(10352, 1),
(10353, 1),
(10354, 1),
(10355, 1),
(10356, 0),
(10357, 0),
(10358, 0),
(10359, 0),
(10360, 0),
(10361, 1),
(10362, 0),
(10363, 0),
(10364, 0),
(10365, 0),
(10366, 0),
(10367, 1),
(10368, 0),
(10369, 1),
(10370, 0),
(10371, 1),
(10372, 1),
(10373, 1),
(10374, 1),
(10375, 1),
(10376, 0),
(10377, 1),
(10378, 0),
(10379, 1),
(10380, 0),
(10381, 0),
(10382, 0),
(10383, 0),
(10384, 0),
(10385, 0),
(10386, 0),
(10387, 1),
(10388, 0),
(10389, 1),
(10390, 0),
(10391, 1),
(10392, 1),
(10393, 1),
(10394, 1),
(10395, 0),
(10396, 0),
(10397, 1),
(10398, 1),
(10399, 1),
(10400, 1),
(10401, 0),
(10402, 0),
(10403, 0),
(10404, 1),
(10405, 0),
(10406, 1),
(10407, 0),
(10408, 0),
(10409, 1),
(10410, 1),
(10411, 1),
(10412, 0),
(10413, 0),
(10414, 0),
(10415, 0),
(10416, 1),
(10417, 0),
(10418, 0),
(10419, 1),
(10420, 1),
(10421, 1),
(10422, 1),
(10423, 1),
(10424, 0),
(10425, 1),
(10426, 1),
(10427, 1),
(10428, 1),
(10429, 1),
(10430, 1),
(10431, 1),
(10432, 0),
(10433, 1),
(10434, 1),
(10435, 0),
(10436, 0),
(10437, 1),
(10438, 0),
(10439, 0),
(10440, 1),
(10441, 1),
(10442, 1),
(10443, 0),
(10444, 0),
(10445, 1),
(10446, 0),
(10447, 0),
(10448, 1),
(10449, 1),
(10450, 0),
(10451, 1),
(10452, 1),
(10453, 1),
(10454, 0),
(10455, 0),
(10456, 0),
(10457, 0),
(10458, 0),
(10459, 0),
(10460, 1),
(10461, 1),
(10462, 1),
(10463, 1),
(10464, 0),
(10465, 1),
(10466, 1),
(10467, 0),
(10468, 1),
(10469, 0),
(10470, 0),
(10471, 1),
(10472, 1),
(10473, 1),
(10474, 1),
(10475, 0),
(10476, 0),
(10477, 0),
(10478, 0),
(10479, 1),
(10480, 1),
(10481, 1),
(10482, 1),
(10483, 0),
(10484, 0),
(10485, 0),
(10486, 0),
(10487, 0),
(10488, 0),
(10489, 1),
(10490, 1),
(10491, 1),
(10492, 0),
(10493, 1),
(10494, 1),
(10495, 1),
(10496, 0),
(10497, 1),
(10498, 0),
(10499, 0),
(10500, 0),
(10501, 1),
(10502, 1),
(10503, 1),
(10504, 0),
(10505, 1),
(10506, 0),
(10507, 1),
(10508, 0),
(10509, 1),
(10510, 1),
(10511, 0),
(10512, 1),
(10513, 0),
(10514, 1),
(10515, 0),
(10516, 1),
(10517, 1),
(10518, 1),
(10519, 0),
(10520, 1),
(10521, 1),
(10522, 0),
(10523, 0),
(10524, 0),
(10525, 0),
(10526, 1),
(10527, 0),
(10528, 0),
(10529, 0),
(10530, 0),
(10531, 0),
(10532, 0),
(10533, 0),
(10534, 1),
(10535, 1),
(10536, 0),
(10537, 1),
(10538, 1),
(10539, 1),
(10540, 1),
(10541, 0),
(10542, 0),
(10543, 1),
(10544, 1),
(10545, 0),
(10546, 1),
(10547, 0),
(10548, 0),
(10549, 1),
(10550, 0),
(10551, 1),
(10552, 1),
(10553, 0),
(10554, 1),
(10555, 0),
(10556, 0),
(10557, 1),
(10558, 1),
(10559, 0),
(10560, 0),
(10561, 0),
(10562, 1),
(10563, 1),
(10564, 1),
(10565, 0),
(10566, 0),
(10567, 0),
(10568, 0),
(10569, 1),
(10570, 0),
(10571, 1),
(10572, 0),
(10573, 1),
(10574, 0),
(10575, 1),
(10576, 1),
(10577, 1),
(10578, 1),
(10579, 1),
(10580, 1),
(10581, 1),
(10582, 0),
(10583, 1),
(10584, 0),
(10585, 1),
(10586, 1),
(10587, 0),
(10588, 0),
(10589, 1),
(10590, 1),
(10591, 1),
(10592, 0),
(10593, 1),
(10594, 1),
(10595, 0),
(10596, 1),
(10597, 0),
(10598, 0),
(10599, 1);

--
-- Indexes for dumped tables
--

--
-- Indexes for table `class`
--
ALTER TABLE `class`
  ADD PRIMARY KEY (`ClassID`),
  ADD KEY `FK_Class_teacherID` (`TeacherID`);

--
-- Indexes for table `classstudent`
--
ALTER TABLE `classstudent`
  ADD PRIMARY KEY (`ClassID`,`StudentID`),
  ADD KEY `FK_ClassStudent_studentID` (`StudentID`);

--
-- Indexes for table `person`
--
ALTER TABLE `person`
  ADD PRIMARY KEY (`PersonID`);

--
-- Indexes for table `room`
--
ALTER TABLE `room`
  ADD PRIMARY KEY (`RoomID`);

--
-- Indexes for table `schedule`
--
ALTER TABLE `schedule`
  ADD PRIMARY KEY (`ClassID`,`RoomID`,`FromTS`),
  ADD KEY `FK_Schedule_roomID` (`RoomID`);

--
-- Indexes for table `student`
--
ALTER TABLE `student`
  ADD PRIMARY KEY (`StudentID`);

--
-- Indexes for table `teacher`
--
ALTER TABLE `teacher`
  ADD PRIMARY KEY (`TeacherID`);

--
-- Constraints for dumped tables
--

--
-- Constraints for table `class`
--
ALTER TABLE `class`
  ADD CONSTRAINT `FK_Class_teacherID` FOREIGN KEY (`TeacherID`) REFERENCES `teacher` (`TeacherID`);

--
-- Constraints for table `classstudent`
--
ALTER TABLE `classstudent`
  ADD CONSTRAINT `FK_ClassStudent_classID` FOREIGN KEY (`ClassID`) REFERENCES `class` (`ClassID`),
  ADD CONSTRAINT `FK_ClassStudent_studentID` FOREIGN KEY (`StudentID`) REFERENCES `student` (`StudentID`);

--
-- Constraints for table `schedule`
--
ALTER TABLE `schedule`
  ADD CONSTRAINT `FK_Schedule_classID` FOREIGN KEY (`ClassID`) REFERENCES `class` (`ClassID`),
  ADD CONSTRAINT `FK_Schedule_roomID` FOREIGN KEY (`RoomID`) REFERENCES `room` (`RoomID`);
COMMIT;

/*!40101 SET CHARACTER_SET_CLIENT=@OLD_CHARACTER_SET_CLIENT */;
/*!40101 SET CHARACTER_SET_RESULTS=@OLD_CHARACTER_SET_RESULTS */;
/*!40101 SET COLLATION_CONNECTION=@OLD_COLLATION_CONNECTION */;
